Name,TP Tier,PRO Tier,Notes,Check other sheets for more (bottom left),,,,,,,,,,,,,,,,,,
bkz_blackrockshooter_vzp,3,3,"All-bhop map, with some surfs that are sticky at some spots",,,,,,,,,,,,,,,,,,,
bkz_bonus_z1,3,3,"Bhop map with good spacing for VNL, easy drop LJs, drop bhop section at the end",> Contact us ,,,,,,,,,,,,,,,,,,
bkz_cakewalk,5,6,"Fast triggers, forced perfs unless you walk, 260 JB, multiple bhop section you can walk or perf",No active bounties ATM,,,,,,,,,,,,,,,,,,
bkz_canadaszn,4,4,"One hard-ish walk or perf, 248 block that can be wallstrafed, walk around corner, walks on bhops",,,,,,,,,,,,,,,,,,,
bkz_cauz_final,4,6,"Pixelsurfs almost everywhere, a couple of JBs towards end, long drop and forced perf",Check out the VNL KZ website,,,,,,,,,,,,,,,,,,
bkz_cauz_short,7,8,"Left pre 180° JB, multiple 180° JBs, JB or perf around corner, hard walks around corner, pixel surf on 300 and 255 block, 260 and 265 block JBs at the end ",vnl.kz,,,,,,,,,,,,,,,,,,
bkz_caves_go,2,2,"Bhop map with increasingly longer sections, climb section in the middle after the ladder with a few block skips, take left bhop path at end bhop section",,,,,,,,,,,,,,,,,,,
bkz_cg_coldbhop  ,2,2,"All bhops are single hop, some forced perfs, skip at the end (bhop and touch trigger from the platform above)",> VNL News Letter ,,,,,,,,,,,,,,,,,,
bkz_chillhop_go  ,2,2,"Short distance bhops, block skips, pixel walks, perf grind",,,,,,,,,,,,,,,,,,,
bkz_dontstop,5,5,"You have to do the map in one go - no saves, forced walks / perfs",,,,,,,,,,,,,,,,,,,
bkz_dydhop,4,5,"Bhop map, forced walks or perfs full run ",,,,,,,,,,,,,,,,,,,
bkz_goldbhop_csgo,2,3,"Bhop map with a climb section in the middle, 235 block, walk or perf the block after the stairs",,,,,,,,,,,,,,,,,,,
bkz_goldbhop_v2go,3,4,"Bhop map with a little bit longer distanced bhops, a lot of nodraw blocks on the end bridge",,,,,,,,,,,,,,,,,,,
bkz_greed,4,4,"Mostly short spaced bhops, jump off bridge to skip half a section, no forced perfs, a few rehop blocks",,,,,,,,,,,,,,,,,,,
bkz_hellokitty_v2,4,4,"Skip the first bhop section by jumping on LJ door, boosters, last bhop section has a hard walk or forced perf at end",,,,,,,,,,,,,,,,,,,
bkz_impulse,6,6,"Pixelsurf skips towards the start, easy bhops towards the start and harder ones (walks/perfs) around walls throughout the map, very long and hard bhop section at the end",,,,,,,,,,,,,,,,,,,
bkz_iota_v3 ,8,8,"Pixel walk on 2 of the bhops on the hardest bhop section, 256 JB mid bhop",,,,,,,,,,,,,,,,,,,
bkz_itz_h25l,3,4,"Blue blocks are bhop and red blocks are save blocks, a lot of routing options, a couple of skips that require good strafes",,,,,,,,,,,,,,,,,,,
bkz_kartrider ,3,3,"All bhop map with long sections, rehops are needed",,,,,,,,,,,,,,,,,,,
bkz_levite_v2,5,6,"Pixelsurfs almost everywhere, drop JB, two forced perf sections, walk on the bar section",,,,,,,,,,,,,,,,,,,
bkz_lewlysex,4,5,Lewly tech (bhop once off a block then you can walk for a long time),,,,,,,,,,,,,,,,,,,
bkz_measure  ,5,6,"Bhops map with forced walks or perfs, LJ > JB off a bhop block (can be double JB'ed)",,,,,,,,,,,,,,,,,,,
bkz_measure2_b03,4,5,"Bhops are walkable but they aren't needed, No forced perfs, midsection bhop drop to bhops (less stamina penalty w/ walk off)",,,,,,,,,,,,,,,,,,,
bkz_nocturns_blue_gfix,6,7,"Hard bhops that have random walk distances, 260 JB block",,,,,,,,,,,,,,,,,,,
bkz_sahara,8,8,"Pixel walks, VERY hard bhop map with pixel walks everywhere. Hardest sections: 180 JB and ""EASY"" section (both have pixel walks)",,,,,,,,,,,,,,,,,,,
bkz_uninspired_trash,6,7,"Lewly tech, hard LJ off a bhop, 256 mid bhop (can pixelwalk to 180° JB), LJs on curved blocks (~230 at the right angle)",,,,,,,,,,,,,,,,,,,
bkz_volcanohop,2,3,"Short bhop map with easily spaced bhops, one bhop is a forced perf, perf grind",,,,,,,,,,,,,,,,,,,
bkz_zephyr_v2,4,5,"Easy/Medium bhop blocks that can be walked for a long time, LAJ, you can cheese the surf by standing on it",,,,,,,,,,,,,,,,,,,
kz_11342        ,2,2,"Strafey drops, CJs and ledgegrabs, odd routing at times",,,,,,,,,,,,,,,,,,,
kz_11735,1,2,"CJ and LJ block skips, routing in floating block sections is weird, no hard jumps",,,,,,,,,,,,,,,,,,,
kz_16pillars,3,6,"Lengthy repetitive map that is hard to route, only climbing, easy jumps, one medium corner",,,,,,,,,,,,,,,,,,,
kz_21loop_final_fix,4,5,Long map with water and decently distanced blocks ,,,,,,,,,,,,,,,,,,,
kz_2fast,5,5,"Mainly a micro bhop map, bhop triggers are inconsistent, bhop off 0.01 unit pixel on top of the first surf or pause on it ",,,,,,,,,,,,,,,,,,,
kz_2seasons_spring_final,3,5,"Medium length map with easy jumps, wallstrafe skip at the end of the bridge",,,,,,,,,,,,,,,,,,,
kz_2seasons_winter_final,7,9,"Crouchbug prekeep (you can JB), Forced JBs, hard corners, 180° JB, 360° JB, prekeeps/hard LJs ",,,,,,,,,,,,,,,,,,,
kz_4u_nature,3,4,"Slow surf up in the beginning, perf or JB off spike to gain more height on the surf up, walk bhops, mostly easy jumps",,,,,,,,,,,,,,,,,,,
kz_7in1,4,6,"Long map, annoying wall climb, sticky walls everywhere, surf skip on pryamid",,,,,,,,,,,,,,,,,,,
kz_8b1_brickngrass,3,4,"Very few skips, routing, ladders, some prekeep skips",,,,,,,,,,,,,,,,,,,
kz_abandoned,7,8,"JB out of surf (LJ or directly JB from surf to ladder), 270° turn into JB around vent, drop JB off beam from previous block hard jumps ",,,,,,,,,,,,,,,,,,,
kz_acores,4,4,"240 +ve offset block, medium drop LJ, ladders",,,,,,,,,,,,,,,,,,,
kz_adeline,2,2,"Short easy map, JB 256 block skip, most time saves are noducks",,,,,,,,,,,,,,,,,,,
kz_adv_cursedjourney,6,8,"VERY long map (~1-2hrs), lots of 256s, pixelsurf in skip room (CJ > perf to pixelsurf), weird bhop blocks at end, lots of skips, JB or do good LJ for last block ",,,,,,,,,,,,,,,,,,,
kz_adventure_v2,3,6,"Large room climb map without pro saves, headbangers, wallstrafes, ladderclimb and 240 block at the end",,,,,,,,,,,,,,,,,,,
kz_after_agitation_easy_fix,4,6,"Hard WR route, spike jump (prekeep), headbangers",,,,,,,,,,,,,,,,,,,
kz_ahful,8,8,"Hard drop LJ (can be done with 180° JB, BH > JB), big surf, hard 180° walks, 268 JB (can be wallstrafed), surf ups, forced perfs, hard dark bhop room (0.4 units pixelwalk) // pixel walks ",,,,,,,,,,,,,,,,,,,
kz_akrh_warehouse_v3,3,4,"Easy map with a lot of crouch jump skips, one easy surf up",,,,,,,,,,,,,,,,,,,
kz_alfama,4,4,"Surfs are easy, easy LJs, double perf bhop on sticks standing out to skip surf, crouch perf from two blocks before to make grass surf",,,,,,,,,,,,,,,,,,,
kz_alice_fix,5,6,"All bhops are walkable, pixelwalk on first ladder, hard corner to surf climb that you cannot duck, weirdjump JB, 250 block at the end (trigger skip towards the start doesn't work anymore)",,,,,,,,,,,,,,,,,,,
kz_alouette_fix,3,5,"Long map with easy jumps, 236 block at end, ladder skip in silo (CJ to this), many block skips that require heavy strafing, straight forward map",,,,,,,,,,,,,,,,,,,
kz_alt_aztec,2,3,Same as kz_aztec but a KZT only skip was removed as well as inclusion of teleport triggers in death spots,,,,,,,,,,,,,,,,,,,
kz_alt_cargo,2,3,"Long map with two sections of crates, part near ship a little confusing but no hard jumps, original version of kz_cargo",,,,,,,,,,,,,,,,,,,
kz_amber_od,7,8,"Skip at start, one medium surf, perf chains mid bhop, one hard surf up, forced perfs/hard walks, one forced JB, one JB can be skipped by going on the side of the block on the wall",,,,,,,,,,,,,,,,,,,
kz_ancient_v3,2,3,"Very few block skips, easy headbanger (barely keeps you ducked), easy ladders, large surf with a small skip, perfs are the main timesave",,,,,,,,,,,,,,,,,,,
kz_another_climb_map ,7,9,"All bhop map, ice blocks everywhere, pre keeps, 180 JBs, VERY hard bhop section after surf, forced perfs and walks",,,,,,,,,,,,,,,,,,,
kz_antigeneric,2,3,"Four ladders (fall onto first for a time save), a couple of CJ skips and falling time saves, corner skip (saves 2s)",,,,,,,,,,,,,,,,,,,
kz_antiquity ,3,4,"Pixelwalk on first surf at start for a time save, climbing surfs take long, easy bhop blocks, water sections (crouch ones as well), 248 block (wallstrafe), use Ferrari surf to save time ",,,,,,,,,,,,,,,,,,,
kz_anus,3,3,"Spikes, medium end double surf (look for 530-600 speed off of first surf w/ at the 515 minimum)",,,,,,,,,,,,,,,,,,,
kz_apiisnotresponding,3,3,"Sequence blocks (touch in order), confusing route, micro map, 240 block",,,,,,,,,,,,,,,,,,,
kz_arbitrary_words,5,8,"The map is mainly long surfs ups (Ferrari surf required ~40mins), the top of the big surf is at 24.03, two 248 blocks, slightly strafey drops, cperf > JB the big drop, bhop section uses Lewly tech",,,,,,,,,,,,,,,,,,,
kz_arcadium,5,6,"Bhops that you can walk for long (and CP), drop LJ near the start, walk/drop JB bhop section, hard JB/LJ drop corner near end (180° JB), blocks at the end aren't bhops",,,,,,,,,,,,,,,,,,,
kz_arrebol,6,7,"Drop JB (LJ bind into it), 235 block mid bhop (JB or MBH), 250 blocks (can be wallstrafed or skipped), ladder wallstrafe, hard bhop sections",,,,,,,,,,,,,,,,,,,
kz_ashen,5,6,"252 block 90° JB towards start, some medium strafe heavy LJs, reverse ladder, 248 block wallstrafe, headbanger",,,,,,,,,,,,,,,,,,,
kz_asphyxiate,5,6,"Tricky low pre LJ, a few JBs (one has weird pre), one hard slope LJ drop towards the end (~244)",,,,,,,,,,,,,,,,,,,
kz_asteroid_field_go,3,5,"Medium length map (~10mins), Tons of block and CJ skips (some are strafey)",,,,,,,,,,,,,,,,,,,
kz_autobadges ,4,4,"One JB skip, other route is possible too with a weird JB and a wallstrafe at the end",,,,,,,,,,,,,,,,,,,
kz_automata ,1,1,"Very easy jumps, standable ladders, mostly running",,,,,,,,,,,,,,,,,,,
kz_aztec,2,4,"Hard WR route, tons of block skips, easy-ish LJs",,,,,,,,,,,,,,,,,,,
kz_azure,8,9,"RNG bhops, crazy 360 around corner (or pixelsurf), very hard surf into a hard bhop, surf has a pixelwalk, pixelsurf on the first bhop block, Crouchjump Ladder glide ",,,,,,,,,,,,,,,,,,,
kz_babycat_fix,3,5,"Multiple sectioned LJ and bhop parts, tiny block skips",,,,,,,,,,,,,,,,,,,
kz_bacho,4,6,"Easy jumps at start, prekeep LJ, 256 JB or perf > pixelsurf, 250 block wallstrafe or JB, pixel walk on surf w/ a JB at the end of it",,,,,,,,,,,,,,,,,,,
kz_basicnoon,6,6,"You can CP on bhops, 248 block, 256 mid bhop section, hard walks/perfs, hard LJ/JB, 256 block mid bhop section (block is slanted), pixelwalk at the back of last 256 block",,,,,,,,,,,,,,,,,,,
kz_baxter,2,3,One medium LJ or perf to tunnel (perf from previous block),,,,,,,,,,,,,,,,,,,
kz_beanguy_v2 ,4,5,"Semi-strafe heavy map that goes from dark to bright, pace stopping surf up, 244~ LJ block (248 with offset)",,,,,,,,,,,,,,,,,,,
kz_beginnerblock_go,1,1,"Heavily grinded old map, no hard jumps, heavy micro",,,,,,,,,,,,,,,,,,,
kz_betapmaps,8,9,"Gravity trigger cheese, map is apparently doable on windows hosted servers only",,,,,,,,,,,,,,,,,,,
kz_betterdunjun,4,5,"Ladder line up (LAJ > wallstrafe), easy LJs, LJ/prekeep/perf drop, block skip on drop into last room",,,,,,,,,,,,,,,,,,,
kz_beyond_fix,7,7,"JB skip at the start, triggers can be cancelled by making a 2nd player touch them just before landing on them (makes the map ridiculously easier)",,,,,,,,,,,,,,,,,,,
kz_bhop_exodus,7,7,Gravity trigger cheese,,,,,,,,,,,,,,,,,,,
kz_bhop_lego,8,8,"VERY hard outside section that requires multiple perfs, walks and a 180 JB, x2 drop JBs in a row (you can wallbug)  , forced perfs/JBs",,,,,,,,,,,,,,,,,,,
kz_bhop_lj ,7,8,"Very broken BH triggers, drop JB at the start, hard corner (HSW or go for low pre), pixel walks on bhop blocks // last section on PRO ",,,,,,,,,,,,,,,,,,,
kz_bhop_monsterjam,3,5,"Long bhop map with KZ routes as well, sometimes the bhop routes are faster, a lot of block skips",,,,,,,,,,,,,,,,,,,
kz_bhop_mosaic_od2,8,9,"Pixel surfs, hard ladders, pixel surf skip // avoid pixel surf skip PIXEL WALKS EVERYWHERE pixel walks ",,,,,,,,,,,,,,,,,,,
kz_bhop_rotebal3,5,5,Gravity trigger cheese,,,,,,,,,,,,,,,,,,,
kz_bhop_watertemple,4,5,"Pixelsurfs at start, bhops can be walked on, triggers on drop section can be inconsistent",,3,"large surf flick, has pixelwalk on top but crouch perfing + wallstrafe does not help",,,,,,,,,,,,,,,,
kz_bible_black,4,6,"180° perf/JB/LJ drop, medium/hard LAJ unless ducked, hard roof surf skip (can save upto save 5s)",,,,,,,,,,,,,,,,,,,
kz_bing,3,3,"Short climb map, crouch pierce skip on 65! block, crouch section skip",,,,,,,,,,,,,,,,,,,
kz_blatherskite_v1,3,5,"No bhops, medium LJs but mostly easy jumps, 240 block at start, fake blocks (2nd, 6th and 8th are real), spikes, invisible ladder at arrow",,,,,,,,,,,,,,,,,,,
kz_blindcity_easy_fix,4,6,"Long easy map, drops, easy LJs, a few easy/medium corners, medium block at end",,,,,,,,,,,,,,,,,,,
kz_blindcity_hard_final,7,8,"Hard bhop headbanger (can be lowjumped), hard bhop sections, 360° JB (can be LJ'd but insanely hard), some hard corner jumps, hard jumps/techs/skips",,,,,,,,,,,,,,,,,,,
kz_blocks2006,4,4,"243 sideways block (can prekeep from lower part or JB), easy LJs otherwise",,,,,,,,,,,,,,,,,,,
kz_bluerace_v2,3,4,"Most timesaves are noducks but there are a few CJ skips, trigger zone for first drop, strafe heavy drop (LJ w/ good strafes, perf or JB), a lot of block skips after the drop",,,,,,,,,,,,,,,,,,,
kz_bombu,5,5,"240 block near the start (you can bhop from lower part), surf drop JB, pixelwalk bhop on pink surf (speed cancel)",,,,,,,,,,,,,,,,,,,
kz_boomblock,2,3,"Heavy micro block map, water section (hold jump), lots of CJ and strafe skips, hard routing",,,,,,,,,,,,,,,,,,,
kz_breezeblocks,3,4,"Easy LJs, small blocks that make prekeeping hard, ride surfs parallel to climb",,,,,,,,,,,,,,,,,,,
kz_brickblock_v2,4,4,"New method // Easy LJs, edgebug through the trigger on the ladder to grab the trigger on the otherside, vesq tech on the ladder > fast climb LAJ",,,,,,,,,,,,,,,,,,,
kz_bridge17_fix,2,3,"Easy-ish LJs, hard to route, lots of skips, annoying headbangers, drop LJs, ladders",,,,,,,,,,,,,,,,,,,
kz_brightblock,4,5,"One medium blue corner and another hard blue corner, hard to pro",,,,,,,,,,,,,,,,,,,
kz_buildings_final,5,7,"Climb map with many skips,  pixelwalk on ladders, one hard headbanger corner (can be skipped with direct LJ), hard drop at the end (JB is easier)",,,,,,,,,,,,,,,,,,,
kz_byrem,5,5,Gravity trigger cheese,,,,,,,,,,,,,,,,,,,
kz_cajou ,4,4,"Surf up near the start (ferrari surf works) that can be skipped with a jb/prekeep from the previous blocks, climb, medium/hard drop LJ",,,,,,,,,,,,,,,,,,,
kz_canyon,3,3,"Routing section at start, far jump to slope (perf/JB or skip), pillar section is all bhops",,,,,,,,,,,,,,,,,,,
kz_cargo,2,4,"Long map with two sections of crates, no hard jumps besides a tight headbanger, same as kz_alt_cargo w/ KZT perf skips (and some jumps are harder)",,,,,,,,,,,,,,,,,,,
kz_carp_v2,2,2,"Very short map with many skips, ledgegrabbing and noducks",,,,,,,,,,,,,,,,,,,
kz_cartooncastle_go,1,1,"No hard jumps, do not use surfs, perfs are the main timesave",,,,,,,,,,,,,,,,,,,
kz_cascade_v4,6,6,"Bhop map (walkable), go for height in white ladder room, two forced perfs off surfs (surf > perf > surf), big surf drop into water, last surf into water (flick left near the end to follow the curve)",,,,,,,,,,,,,,,,,,,
kz_castlehops_v3,4,5,"Bhop map with some forced walks/perfs, pillars after TP aren't bhop, some headbangers, hold bind to get under ceiling",,,,,,,,,,,,,,,,,,,
kz_catalyst_gfix,6,7,"Bhop-heavy map, pixel walk in a bhop section before tunnel, bhop > weird JB near the end (or pixel walk), long bhop section at the end // JB skip at the end ",,,,,,,,,,,,,,,,,,,
kz_catharsis_global,4,4,"Easy LJs with some single block skips, surf with most height possible (w/ high speed) to make across full run ",,,,,,,,,,,,,,,,,,,
kz_caulis_v2,2,3,"Climb map with a lot of CJ skips and noducks, a lot of time saves rely on inconsistent surf ups",,,,,,,,,,,,,,,,,,,
kz_cdr_myst,3,4,"Slanted walls have TP triggers, forced perf or good edge walk on beam, skip all barrels on surf, side of the ladder is climbable",,,,,,,,,,,,,,,,,,,
kz_cellblock_go2,2,2,"Short map with TONS of CJ block skips, walking outside of the gate is slightly faster, LJ block near the end is skippable",,,,,,,,,,,,,,,,,,,
kz_cereal,5,7,"Medium surfs, JB on upwards slope, JB off the top of the big surf, hard and precise slide skip off the big ""Not a Donut"" at the end",,,,,,,,,,,,,,,,,,,
kz_cf_hestia ,7,8,"Lengthy (30 mins+), very hard bhop map with many walks, forced perfs, and JBs mid bhop, 256 JB mid bhop",,,,,,,,,,,,,,,,,,,
kz_cg_brick_rmk,4,5,"Easy LJs, CJs and micro, triple surf (prioritize height), 240 block at end (wallstrafe from invisible walls if needed)",,,,,,,,,,,,,,,,,,,
kz_cg_lighthops,4,5,"Long surf climb near start, forced perfs, 248 block that can be wallstrafed, bhop sections with walkable triggers",,,,,,,,,,,,,,,,,,,
kz_checkmate  ,6,7,"Hard drop LJ prekeep, two other drops that can be JB'd/perfed/LJ'd, climb",,,,,,,,,,,,,,,,,,,
kz_cheetos_fix,2,2,"Short perf WR map, surf to drop near start, a few single block skips, two ladders (try to reduce airtime)",,,,,,,,,,,,,,,,,,,
kz_chessblock,5,6,"LJ skip around corner (can be no binded and is easier than the intended route), easy LJs, a lot of micro and block skips",,,,,,,,,,,,,,,,,,,
kz_chinablock,3,5,"Pace map with block skips, pixel surf in first room after small drop, dark room, perf to quick crouch onto pillar",,,,,,,,,,,,,,,,,,,
kz_christmas_fix,3,5,"Routing map with a lot of CJ block skips, headbanger section, no hard jumps",,,,,,,,,,,,,,,,,,,
kz_chrysoprase,1,2,"Micro map with a lot of ledgegrabs and CJs, CJ skips, grab the key before dropping to the well",,,,,,,,,,,,,,,,,,,
kz_chunky_peanut_butter,5,6,"248 corner drop JB or 360° JB, medium LJs (or prekeep), medium corners, 256 JB at end full run ",,,,,,,,,,,,,,,,,,,
kz_cliffhanger_go_global,2,4,"Single block skips and light micro, headbangers, easy climb map otherwise",,,,,,,,,,,,,,,,,,,
kz_colorcode,3,5,"Hard routing map, difficult to understand purple/orange section, use CP and TP (spec and unspec for pro) to get passed the moving part, shoot the lights",,,,,,,,,,,,,,,,,,,
kz_colors_v2,6,8,"Lengthy map (~1-2hrs), all climb, hard yellow room wallstrafe jump, hard yellow room corner jump, green room wallstrafe, no JBs, hard jumps ",,,,,,,,,,,,,,,,,,,
kz_combobreaker,3,4,"240 block, pixelwalk skip on side of mountian (wallstrafe down to other pixelwalks)",,,,,,,,,,,,,,,,,,,
kz_comboking7k ,6,7,"Visual remake of kz_gfy_c0mb0king, LAJ from the side of some ladders / stand on the edge. Water > wallstrafe section, surf ups near the end, sloped JB, hard corner at the end. Times were transferred",,,,,,,,,,,,,,,,,,,
kz_comboya,3,4,"A lot of easy corners, micro section at start, corner skip thats easier than standard route, repetitive end ",,,,,,,,,,,,,,,,,,,
kz_communityblock,5,7,"VERY lengthy climb map (~1-2 hrs), all climb, some low pre jumps and tricky corners, breakables, CONFUSING route",,,,,,,,,,,,,,,,,,,
kz_comp_2022,4,4,"Competitive maps jump, medium hard train LJ, shortcuts in mirage (wood to bricks) and nuke (A site to the crate) - BONUS 3 = silo to red, BONUS 2 = Harder comp jumps (c2c and more)",,,,,,,,,,,,,,,,,,,
kz_comp_global,3,3,"Old comp jumps, difficulty ranges from easy to medium/hard, lineups/techs for every section",,,,,,,,,,,,,,,,,,,
kz_complex,2,6,"Long map with many block skips, one is a pixelsurf in the white section towards the middle, another is a pixewalk over a boxed off section",,,,,,,,,,,,,,,,,,,
kz_conifer,4,5,"240 block, medium LJ with height, a few CJ skips, easy LJ/micro map otherwise",,,,,,,,,,,,,,,,,,,
kz_construction,4,6,"JB skip at the start (Ebox base > wood), some hard strafing LJs, headbanger section, walk bhops (extremely easy to CP on)",,,,,,,,,,,,,,,,,,,
kz_correguachin_reisido  ,7,9,"Short hard map, JB > surf into a short bhop section, jump off ladder to surf to ladder, two 265 blocks, LAJ > surf > bhop, LAJ > pixelsurf > bhop // BETTER pixel surf lineup at the end ",,,,,,,,,,,,,,,,,,,
kz_cousucks,4,5,"Pace map with routing and light micro, strafe heavy drop near start (LJ or prekeep LJ), two strafe heavy LJs (these can be JB'd)",,,,,,,,,,,,,,,,,,,
kz_cranking_the_hog,2,2,"Micro map, small LJ skip, most time saves are noducks",,,,,,,,,,,,,,,,,,,
kz_crash_fix,5,7,"Low pre headbanger, low pre 240 (preekeep/drop JB), hard box tech corners, spike drop (MBH or go on 2nd spike and 360° BH), medium/hard LJ drop",,,,,,,,,,,,,,,,,,,
kz_crate_delight_go,2,4,"Invisible platform paths connect each section, invisible walls on drops can be strafed under, a lot of block skips that require routing, easy LJs",,,,,,,,,,,,,,,,,,,
kz_cratespeed,1,2,"Mainly a CJ based map with easy LJs, narrow jump to ducked section with inconsistent clipping (off grid)",,,,,,,,,,,,,,,,,,,
kz_crypt_final,5,6,"Hard jump around pillar, 255 JBs, wallstrafe JB at the end (CJ > JB) or 180° JB, three prekeep bhop blocks",,,,,,,,,,,,,,,,,,,
kz_crysis,5,7,"Difficult and precise CJ section, drop 250 JB, forced perf sections full run ",,,,,,,,,,,,,,,,,,,
kz_cuberunfast,2,3,"248 block skip, noduck and CJ skips, pixelwalk on the top of the surf (speed cancel), surf for speed at end full run",,,,,,,,,,,,,,,,,,,
kz_cybersand ,2,3,"Reskin of kz_cyberspace_fix, NO gameplay changes, easy jumps, 235 block, times were transferred",,,,,,,,,,,,,,,,,,,
kz_dakow ,1,2,"Really short map with micro, tiny block skips, heavy routing needed for top times",,,,,,,,,,,,,,,,,,,
kz_dale,1,2,"Very short route map (~50s), medium LJ skips, perf grind",,,,,,,,,,,,,,,,,,,
kz_daniel,2,2,"Short map with a large skip (corner turn up to skip above yellow section - the slope), small skips",,,,,,,,,,,,,,,,,,,
kz_dark_fury,3,4,"Easy map, medium length, one hard corner (prekeep or lineup) and one medium corner, a lot of noducks and block skips",,,,,,,,,,,,,,,,,,,
kz_date2,5,7,"Mostly easy jumps, hard low pre-ish JB around a corner (LJ > JB or BH > JB or multi-bhop ), the end room is a maze",,,,,,,,,,,,,,,,,,,
kz_de_bhop,2,2,"Perf grind, easy jumps, no large skips (only obvious block/CJ skips) full run",,,,,,,,,,,,,,,,,,,
kz_dejavu,6,8,"Hard climb map, perf on small block, hard orange corner, prekeep, green corner prekeep, 240 block low pre, drop at the end (JB/perf/LJ)",,,,,,,,,,,,,,,,,,,
kz_delirium ,6,6,"Forced perf/JB in one section, lots of hard walks, multiple 240 blocks, vnl route at the end bhop sections ",,,,,,,,,,,,,,,,,,,
kz_delphinium,1,1,"Tons of routes to take, a lot of micro, all easy jumps",,,,,,,,,,,,,,,,,,,
kz_depot,7,8,"Multiple JBs and forced perfs mid bhop, very hard triple surf section (~80 secs of surf up on first, and more on others)",,,,,,,,,,,,,,,,,,,
kz_desolate,2,2,"Corner, drop LJ corners, micro map",,,,,,,,,,,,,,,,,,,
kz_dimensions_v1 ,4,5,"Long bhop section with a walk or perf, big surf drop - jump on water and immeditalety hold duck, headbangers in end sections",,,,,,,,,,,,,,,,,,,
kz_doubletake,2,2,"Left side route is much harder and requires a JB but it's much faster, right side route is very easy with some headbangers",,,,,,,,,,,,,,,,,,,
kz_doveen,4,5,"Bhop parts with forced perfs, spike bhops at end into small window (crouch to land in)",,,,,,,,,,,,,,,,,,,
kz_drops_od,5,6,"hard ladder, long walks on bhops, long bhop perf drop",,,,,,,,,,,,,,,,,,,
kz_dryness,5,6,"Forced perf (or JB) bhop section, pixelwalk on left side of 249 block",,,,,,,,,,,,,,,,,,,
kz_duality_v2,6,8,"JBs everywhere, edgebug (or 180° JB/BH), hard drop LJ (right pre) or 360° JB, 180° JB, prekeep 236 block no bind full run ",,,,,,,,,,,,,,,,,,,
kz_dungeon ,5,7,"Easy bhop sections, JB room (260, 260, 247), hard JB to ladder, two 240 blocks, medium LJs  full run ",,,,,,,,,,,,,,,,,,,
kz_dvn_cube_fixed,5,6,"240 blocks, 250 block (hard pre), hard bhop section that can be walked",,,,,,,,,,,,,,,,,,,
kz_dvn_dull,4,5,"Block skips, three 240 blocks (can wallstrafe), bhop section at end",,,,,,,,,,,,,,,,,,,
kz_dvn_redcarpet,3,5,"Pixelsurf on window for skip, easy LJs, long and repetitive route with easier options",,,,,,,,,,,,,,,,,,,
kz_dzy_beyond_v2,8,9,LAJ requires danvari and extremely good strafes,,,,,,,,,,,,,,,,,,,
kz_ea_beneath,2,3,"Skip at start from timer platform saves (2s~), invisible walls have been replaced with textures, routing for the lights is hard, CJ skips everywhere",,,,,,,,,,,,,,,,,,,
kz_edifice,4,5,"Climb ladder then JB off block to other ladder, bhop sections (walkable), pixelsurf one bhop by walking for short time",,,,,,,,,,,,,,,,,,,
kz_edp445,2,3,"Short map with some block skips, ledgegrabs and CJs, medium drop",,,,,,,,,,,,,,,,,,,
kz_ehcivec ,3,3,"Micro map with general climb, lots of crouch jumps",,,,,,,,,,,,,,,,,,,
kz_eilrahc ,3,3,"Micro map with some easy drops, one medium LJ",,,,,,,,,,,,,,,,,,,
kz_eimeristzurueck,4,5,"Medium LJs and surfs, medium length walks on bhops (pixelsurf route to skip the harder walk), easy LAJs, 250 block, surf into timer zone at the end",,,,,,,,,,,,,,,,,,,
kz_emblem,5,6,"Mostly easy/medium jumps, perf/JB skip, medium surf up, 245 prekeep wallstrafe ",,,,,,,,,,,,,,,,,,,
kz_emblem_bonus,3,4,"Climb map with CJ block skips, a couple easy/medium corners, easy drop from rope",,,,,,,,,,,,,,,,,,,
kz_ephemeral,4,5,"Two JBs, drop LJ/JB, ducked skip option, hard to do a pro run",,,,,,,,,,,,,,,,,,,
kz_epusbridge,3,5,"Wallstrafes at start, hard white corner turn, climbing surfs for 30% of the map (use Ferrari surf to save time), skip to get above roof after last surf up",,,,,,,,,,,,,,,,,,,
kz_erbajerb,3,3,"LJ based map with some micro, a lot of noducks, 250 block, LJ drop, ladder is easy",,,,,,,,,,,,,,,,,,,
kz_eros_v2,2,4,"Combo map with light micro, one semi-difficult corner, death jump out of window",,,,,,,,,,,,,,,,,,,
kz_excape,5,6,"Hard corner (jump early), weird surfs/boosters (speed bug with LJ bind), lowjump > JB, booster into teleporter room, spikes (JB > perf > bhop)",,,,,,,,,,,,,,,,,,,
kz_excavate_b,3,4,"Multiple 240 blocks (can prekeep), 2nd room is skipable from the ledge to the right of the start, light skip towards end",,,,,,,,,,,,,,,,,,,
kz_exemplum_fix,6,7,"Big surf up (climb to -450), LAJ 1st ladder from side, pixelwalk ladders (mouse angle: 41 44 + crouch), surf > bhop, Hard 90° LJ/drop JB turn > ladder off surf",,,,,,,,,,,,,,,,,,,
kz_exoteric,2,3,"Easy map that needs routing, corner turns, little to no block skips",,,,,,,,,,,,,,,,,,,
kz_experiment,5,5,"Drop 256 JB (cperf or lowjump > drop JB makes this easier), drop 235 JB, 252 JB, other bhop sections, skip into water near after surf",,,,,,,,,,,,,,,,,,,
kz_exps_cursedjourney,6,8,"VERY lengthy map (~1-2 hrs), vesq tech ladder, ~243 block sideways LJ, very hard drop (perf > JB), left pre LJs, hard crouch perf skip drop or lowjump > CJ, lots of climbing",,,,,,,,,,,,,,,,,,,
kz_ext_bblocks,2,2,"Perf grind, almost no block skips, long walk section, easy LJs",,,,,,,,,,,,,,,,,,,
kz_fabrik,4,4,"Hard pace map, headbangers, pixelsurf in 2nd room, hold jump for fast water section, large headbanger skip (get good pre: 75+), some medium corner turns, spikes at end",,,,,,,,,,,,,,,,,,,
kz_farm_v2,6,7,"Hard bhop map with many walks or perfs, hard sheep section, 1 headbanger near a ladder that can be done with lowjump > crouch or jump off ladder > cperf",,,,,,,,,,,,,,,,,,,
kz_fas2map,2,3,"Short easy LJs map with some CJ skips, wallstrafe or strafe drop, hard block skips on pillars",,,,,,,,,,,,,,,,,,,
kz_fastcombomap,5,6,"Low pre 240 block (can be pre kept from last block), three 256 JBs",,,,,,,,,,,,,,,,,,,
kz_fastmap,5,6,"240 sideways block (use HSW tech), bhop perf part hard jumps ",,,,,,,,,,,,,,,,,,,
kz_fatigue_v2  ,4,5,"Easy bhop blocks, some require walks/double walks, hard turn that needs lineup",,,,,,,,,,,,,,,,,,,
kz_fikablock,2,2,"Short map with tiny CJ block skips, two medium low pre strafe jumps",,kz_correguachin_reisido,3,Tiny surf flicks into LAJs,kz_correguachin_reisido,3,Tiny surf flicks into LAJs,kz_correguachin_reisido,3,Tiny surf flicks into LAJs,kz_correguachin_reisido,3,Tiny surf flicks into LAJs,kz_correguachin_reisido,3,Tiny surf flicks into LAJs,kz_correguachin_reisido,3,Tiny surf flicks into LAJs
kz_final_ascension,4,5,"Wallstrafe or LJ drop at start, MBH tech on triple hop, room skip with a pixelsurf, three 240 blocks, walk bhops at end",,,,,,,,,,,,,,,,,,,
kz_flying_rabbits,2,3,"Short map, long distance block skips (good strafes needed)",,,,,,,,,,,,,,,,,,,
kz_forchi,7,7,"Bhop/Walk based map, forced perfs/JBs on bhop blocks, 260 block, drop JB into bhop section (CJ > perf > JB), low pre 240 block at the end ",,,,,,,,,,,,,,,,,,,
kz_forestrace_go,1,1,"Easy climb map, medium length skip on an invisible platform, CJ skips",,,,,,,,,,,,,,,,,,,
kz_freezing_ridge,2,4,"Medium length map pace map with easy and some medium jumps, some CJ skips but most times saves are micro, easy & medium surfs some walls are sticky or protrude",,,,,,,,,,,,,,,,,,,
kz_frenzy ,3,3,"Micro map with medium LJs, drop into the central square to access end button at the end",,,,,,,,,,,,,,,,,,,
kz_frozen_go,1,2,"Short map that has tons of CJ skips, route the stairs near the end",,,,,,,,,,,,,,,,,,,
kz_fury,3,3,"Drop LJ at start, mostly easy LJs, one hard LJ (232 block + 4 height, HSW is a good option), headbangers, odd route after teleporter",,,,,,,,,,,,,,,,,,,
kz_futureblock,4,6,"Some block skips, odd corners, some weird CJs, perf/JB at last block in the air",,,,,,,,,,,,,,,,,,,
kz_galaxy_go2,2,4,"Medium length map with routes, tons of block skips, booster blocks (skip on the 2nd, strafe right), booster to timer at the end for a small timesave",,,,,,,,,,,,,,,,,,,
kz_generic,2,3,"Short map that has vnl route, boosters (walkable + prekeep), easy/medium consecutive corners, surf at the end",,,,,,,,,,,,,,,,,,,
kz_genesis,3,4,"Block map with a lot of micro for timesaves, decent strafes needed for certain time saves",,,,,,,,,,,,,,,,,,,
kz_gfy_blueberry,7,8,"Hard jumps , HSW LJ drop or JB, hard left pre LJ (get 235 pre), 264 block off bhop block, 270° JB or crouchbug prekeep, 360° JB, hard JB off small bhop block, corner, box tech ",,,,,,,,,,,,,,,,,,,
kz_gfy_limit,6,6,"Drop JB into a bhop section, hard walk/perf, JB around corner, last part is a drop JB into a bhop or cperf > perf",,,,,,,,,,,,,,,,,,,
kz_ggurk,3,4,"Skip the 290 block with CJ skip to latern, CJ block skips, one bhop block after surf (perf or rehop), 240 block at the end",,,,,,,,,,,,,,,,,,,
kz_ghat,1,2,"Map with a lot of surf skips, very short full run (w/o surf skips)",,,,,,,,,,,,,,,,,,,
kz_ghs,2,4,"Easy non-linear block map, easy drop LJs and drop downs, you can wallstrafe some drops towards the end, one easy to fail corner at the end, CJ block skips everywhere",,,,,,,,,,,,,,,,,,,
kz_giantbean,1,3,"Bean map with some sticky walls, huge skip",,,,,,,,,,,,,,,,,,,
kz_gigablock_go,1,2,"Medium length micro map with heavy with 2 major routes, go straight then right from timer for optimal path, CJ and block skips, spikes",,,,,,,,,,,,,,,,,,,
kz_gkd_v2,3,3,"241 block, wallstrafe 240 block after short stairs, CJ skip on tower near end, ledgegrabbing",,,,,,,,,,,,,,,,,,,
kz_glassesospa_v1,3,4,"A lot of big skips, easy surfs, headbangers, glass/ice blocks",,,,,,,,,,,,,,,,,,,
kz_glide,4,5,"Everything is surf ups, touch five colored pads, can use prev TP",,,,,,,,,,,,,,,,,,,
kz_glow ,5,5,"250 block with weird pre (180 or S pre JB) , long delay bhops, medium offset LJ",,,,,,,,,,,,,,,,,,,
kz_goldenroad,4,6,"Straight forward map with a lot of spike sections, skip near end (saves 22~ seconds), pro run save on the 250 block at the end",,,,,,,,,,,,,,,,,,,
kz_gonbe  ,8,9,"272 block off a bhop, hard corner LJ, 180° JB off first orange section, hard 180° JB towards end (can be wallstrafed with this lineup), hard CJ at the end",,,,,,,,,,,,,,,,,,,
kz_goodluck_p,8,9,"Lowjump drop, bhop sections, extremely hard bhop section that requires 2 JBs, one is a ~260 block, 2 hard CJ around corners",,,,,,,,,,,,,,,,,,,
kz_green,5,6,"235 block mid bhop (drop JB or 180° bhop/JB), hard drop around corners ",,,,,,,,,,,,,,,,,,,
kz_greyorgray  ,4,6,"Strafy drops (or BH/JB/WS), climb, 1 drop that can be done with a pre keep > WS, resets are terrible on PRO",,,,,,,,,,,,,,,,,,,
kz_haki_v2,2,2,"Long map that has a ton of block skips and ledgegrabs, spikes, brown textures is water, ice blocks",,,,,,,,,,,,,,,,,,,
kz_halicarnassus_fs,4,6,"Drop perf at the start (drop JB is very easy to time here), high LJ, forced crouch perf, one hard LJ/JB",,,,,,,,,,,,,,,,,,,
kz_hate,3,4,"Upwards LAJ (use a Ladder Boost), spike jumps, ladder skip (saves 5~ seconds)",,,,,,,,,,,,,,,,,,,
kz_hb_3kliksphilip,1,1,"Block map with drop transitions, all easy jumps, a lot of CJ and block skips, some headbanger parts",,,,,,,,,,,,,,,,,,,
kz_hb_anduu,4,5,"Medium length map with easy JBs, one surf up and some headbangers",,,,,,,,,,,,,,,,,,,
kz_hb_bacon,6,6,"LINEUP // Pixel climb up the side of the surf then LJ, the rest is easy climbing",,,,,,,,,,,,,,,,,,,
kz_hb_fyksen,5,7,"Long and confusing map, watch !replay or !greplay if available, one hard LJ/JB drop with weird pre",,,,,,,,,,,,,,,,,,,
kz_hb_lrs,8,9,"VERY hard drop LJ , surf > perf, hardest corner, hard left pre LJ or 360° JB, drop JBs, 180° JBs some hard jumps",,,,,,,,,,,,,,,,,,,
kz_hb_smieszneznaczki ,5,8,"JB and LJ based map, hard/medium drops, 180 JBs, weird corners",,,,,,,,,,,,,,,,,,,
kz_headbongo,8,9,"Weird JB at the start, multiple hard headbongers, drop JB cancel is patched and requires a cperf with very good drop strafes or wallstrafe, very hard bhop section",,,,,,,,,,,,,,,,,,,
kz_hellinashop,4,5,"Easy jumps, headbanger room, climb surf (~40 sec), block skip for the timer (aim a little below the button and spam +use)",,,,,,,,,,,,,,,,,,,
kz_highland,7,7,"Easy/medium LJs, very hard JB > surf (need a lot of height and speed) full run",,,,,,,,,,,,,,,,,,,
kz_hillside,2,2,"Short climb map with all easy jumps, possible JB drop skip, some CJ block skips, most time saves are noducks",,,,,,,,,,,,,,,,,,,
kz_holdmyhand,3,5,"Short map with sideways 240 block, get good speed on surfs, water section, skips at end",,,,,,,,,,,,,,,,,,,
kz_holmu1,4,5,"Medium LJs and easy surfs, walks on bhops are super long, stand on top of 1st surf for the double surf, 247.4 block near end",,,,,,,,,,,,,,,,,,,
kz_holyspace,4,6,"Three 256 JB blocks, one has pixelsurf, bhop blocks to walk",,,,,,,,,,,,,,,,,,,
kz_huber,2,3,"225 LJ into headbanger, can stand on door handle after ladder, CJ skip from back of the truck, pixel skip where the front and rear of the 2nd truck meet",,,,,,,,,,,,,,,,,,,
kz_hypothermia ,3,3,"Jump from the metal part to start the map and get on the block, lots of small drops, water jumps, headbanger at the end",,,,,,,,,,,,,,,,,,,
kz_hyroblock,1,2,"Classic style block map, CJ skips all over the place, micro heavy map",,,,,,,,,,,,,,,,,,,
kz_ickkck,6,7,"Hard bhop section (perf all or walk), two 256 JBs, very hard last bhop section (perf 1 and 2 > walk the rest), 240 block at the end full run ",,,,,,,,,,,,,,,,,,,
kz_igneous,2,2,"You run most of the map, perf > surf the drop at the start, ladder skip (don't drop down and LAJ), easy double surf",,,,,,,,,,,,,,,,,,,
kz_illusion_gfix,5,7,"Confusing map, pixelsurfs on the two 240s, fake maze (look at the ceiling for route), crouched 256 JB, crouched wallstrafe bhop headbanger to skip corner, lowjump corners",,,,,,,,,,,,,,,,,,,
kz_intercourse!,4,4,"Medium length map with easy LJs and some skips, medium-ish prekeep towards end of map",,,,,,,,,,,,,,,,,,,
kz_itz_transcendent  ,8,8,"Extremely hard surf, JBs mid bhop, max height ladder, 256 JBs",,,,,,,,,,,,,,,,,,,
kz_j2s_cupblock_go_fix2,2,4,"Stage climb map, a lot of block skips, very hard JB skip that requires heavy strafing",,,,,,,,,,,,,,,,,,,
kz_j2s_tetris_go,3,4,"Block skips everywhere, some medium LJs, run killer headbanger on yellow blocks near end (hold CJ or get really good edge with a CJ/lowjump), moving block at end (pause timer)",,,,,,,,,,,,,,,,,,,
kz_j2s_westbl0ck,1,2,"Map with crouched tunnels and ladders, tons of skips, staged climb map",,,,,,,,,,,,,,,,,,,
kz_janpu_final_fix,4,5,"Tons of block skips, go left on the wall after the spikes, invisible blocks, hard LJ at end or lowjump > perf (easiest way) or JB",,,,,,,,,,,,,,,,,,,
kz_johndoe,3,5,"Surf at start, two forced perfs (one in first bhop section and after the ladder), end you can walk",,,,,,,,,,,,,,,,,,,
kz_jump_n_run,4,6,"Basic LAJ, ~242 block LJ, 248 block that can be wallstrafed, LAJ at the end full run ",,,,,,,,,,,,,,,,,,,
kz_kays,2,3,"Short and easy micro map, some drops require basic strafes",,,,,,,,,,,,,,,,,,,
kz_kiwifactory,2,3,"Micro map with a lot of CJ skips and ledgegrabs, drop skip near end, medium corner at the end",,,,,,,,,,,,,,,,,,,
kz_kiwimirific ,2,3,"Short micro map with very easy jumps, hard corner skip near the start",,,,,,,,,,,,,,,,,,,
kz_kiwionerous,4,5,"Short map with medium corners, a few CJ skips, LJ drop, one hard corner",,,,,,,,,,,,,,,,,,,
kz_kiwitown,4,6,"Longer map with an easy route, micro skips, 240 block near start, high LJ (246-248~), 240 block then 248, rest of the map is routing",,,,,,,,,,,,,,,,,,,
kz_kogamaostry ,3,3,"Short micro map, 240 block near the start, timer is the big clock at the back of the lake",,,,,,,,,,,,,,,,,,,
kz_kohze_sucks,2,3,"Short map with micro and boxtech, most time saves are noducks",,,,,,,,,,,,,,,,,,,
kz_kzra_bars,6,8,"First room is a generic climbing section, huge ladder skip (~1-2min time save), second and last room has many hard LJs (right and left pre) and some corners",,,,,,,,,,,,,,,,,,,
kz_kzra_coast,4,5,"Water is a full reset trigger, tricky headbanger bhops, surf trigger skip, bhop sections, headbangers and medium LJs, medium LJ at the end (prekeep)",,,,,,,,,,,,,,,,,,,
kz_kzra_fustcaves,4,4,"Long map with easy jumps, lots of skips, noducks, and CJs",,,,,,,,,,,,,,,,,,,
kz_kzra_greycliff,3,4,"Medium length map with odd routing at times, little CJ skips and noduck parts, long bars at end",,,,,,,,,,,,,,,,,,,
kz_kzra_hohum,7,8,"VERY lengthy (1-3hrs), all bhop and climb map with places you can stand on (trees, graffitis). Very hard bhop sections that either require perfs/JBs/walks",,,,,,,,,,,,,,,,,,,
kz_kzra_morath,6,7,"Single bhop section that requires a perf JB at start > triple perf, afterwards is a drop JB or walk (whole bhop can be cheesed), second bhop section has a force perf bhop sections ",,,,,,,,,,,,,,,,,,,
kz_kzra_oddland,1,2,"Short routing map with a lot of easy skips, end section is very weird to route",,,,,,,,,,,,,,,,,,,
kz_kzra_rockloy,6,8,"Long map with confusing sections, hard LJs and one drop LJ, one JB around a spike in the grey section, ~247 blocks you can LJ or 180° JB, one 180° JB at red section",,,,,,,,,,,,,,,,,,,
kz_kzra_rocky,4,6,"Long map with easy jumps, some CJs and little no duck skips, surf chains",,,,,,,,,,,,,,,,,,,
kz_kzra_shortclimb_v2,1,1,"Short map with noducks, strafe around the forced crouch section, angled wall ledgegrabs, easy corner at the end that's hard prekeep into",,,,,,,,,,,,,,,,,,,
kz_kzra_skaxis,8,9,"Very strafe heavy JB at end of map, everything else is easy",,,,,,,,,,,,,,,,,,,
kz_kzra_stonebhop,3,4,"Easy bhop map with two far walks (or perfs), huge LJ skip towards the end (~240 block) ",,,,,,,,,,,,,,,,,,,
kz_kzra_stoneishbhop,7,8,"Bhop map with JBs, perfs and walks mid bhop, JB around corner, double JB around corner or hard 180° JB, drop JBs",,,,,,,,,,,,,,,,,,,
kz_kzra_suhu,1,1,"Short easy map with light micro, skippable 240 block, no bhop",,,,,,,,,,,,,,,,,,,
kz_kzra_undercastle,3,5,"Very long map with easy jumps, very easy to get lost, annoying route at end",,,,,,,,,,,,,,,,,,,
kz_kzra_voovblock,5,6,"Bhop section, surf flick, low pre sideways jumps",,,,,,,,,,,,,,,,,,,
kz_kzra_whitesquare,4,6,"Low pre 256 JB (very weird pre), two annoying surfs",,,,,,,,,,,,,,,,,,,
kz_kzro_2boxes1room,2,3,"Short map with lots of walking, route on white bar sections, surfs at end, CJs",,,,,,,,,,,,,,,,,,,
kz_kzro_basalt,2,3,"Medium length map with very easy jumps, lots of skips and noducks, headbanger at end",,,,,,,,,,,,,,,,,,,
kz_kzro_beknowater,2,2,"Short map with surf ups (crouch on some of them before), routing map with skips and noducks, ledgegrabs",,,,,,,,,,,,,,,,,,,
kz_kzro_brickstgrass_v2,2,3,"Short map with easy jumps, weird routing, easy to get confused",,,,,,,,,,,,,,,,,,,
kz_kzro_bronea,3,5,"Long map with surfs and some semi-difficult LJs, routing is annoying",,,,,,,,,,,,,,,,,,,
kz_kzro_cavehole,6,7,"Repetitive surf map, 90° surfs, CJ surfs, combo chain surfs, for two of them you have to climb for a very long time (Ferrari surf on longest surf up), hard surf (lowjump > surf is better) ",,,,,,,,,,,,,,,,,,,
kz_kzro_cavernste_v2,4,6,"Odd routing, headbangers everywhere, annoying corners, weird duck fall to wallstrafe drop",,,,,,,,,,,,,,,,,,,
kz_kzro_chairs,4,6,"Extremely hard map to route on VNL, difficulty spikes after the halfway point, some easy surfs",,,,,,,,,,,,,,,,,,,
kz_kzro_cryscosrun,4,5,"Longer map with very easy jumps, easy to get lost so make sure you route, CJs, headbangers, breakable blocks",,,,,,,,,,,,,,,,,,,
kz_kzro_darkhole,3,4,"Medium length map with easy jumps, small skips and noducks, easy to get lost, headbanger at start, CJ skips",,,,,,,,,,,,,,,,,,,
kz_kzro_excitedbhop,6,7,"Long map with forced perfs, you can stand on a small ledge below the bhop, JBs, LJ skips most bhop blocks, weird saves and spots you can stand on",,,,,,,,,,,,,,,,,,,
kz_kzro_fastcliff,2,2,"Easy map with small skips, no duck and CJ skips, headbangers",,,,,,,,,,,,,,,,,,,
kz_kzro_gohome,3,4,"Long pace map that makes you feel like you're going backwards, very easy to fall off big metal pipes in the big room",,,,,,,,,,,,,,,,,,,
kz_kzro_greybrickbhop,3,3,"Bhop map with walks on all bhops, pixelsurf skip at start, a couple of block skips, headbanger section, large skip before climb section behind boxes",,,,,,,,,,,,,,,,,,,
kz_kzro_jaashs,3,5,"Medium length map with easy jumps, CJs, small noduck skips, headbangers",,,,,,,,,,,,,,,,,,,
kz_kzro_justgrab,3,3,"Ledgegrab based map, all easy jumps, one 240 block",,,,,,,,,,,,,,,,,,,
kz_kzro_mountainbhop,6,8,"Hard bhop walks, JBs mid bhop, forced perfs, most can be walked",,,,,,,,,,,,,,,,,,,
kz_kzro_mountainhaya,4,5,"Long map with easy jumps, route can get confusing at times, very little skips, water section",,,,,,,,,,,,,,,,,,,
kz_kzro_mountainroad,8,9,"HIGHEST KZT TIER (5) MAP POSSIBLE VNL. 256 - 275 JB cancel blocks, several other JBs, setting rate 20480 in console can help with cancelling the antibhop trigger",,,,,,,,,,,,,,,,,,,
kz_kzro_mountainsein,2,4,"Long routiing map with easy jumps, very few skips, troll routes, hidden timer at the end",,,,,,,,,,,,,,,,,,,
kz_kzro_mountainsnow,3,6,"Long map, one medium sideways LJ, climb up surf part, ladders",,,,,,,,,,,,,,,,,,,
kz_kzro_sekiseibhop,5,6,"Forced perfs, walk most bhops, force crouch perf section (2 or 3), double bhop to the left at last hard jump",,,,,,,,,,,,,,,,,,,
kz_kzro_shima_v2,3,4,"Very easy map with lots of no ducks and CJ skips, annoying route towards end, water section, easy to get lost",,,,,,,,,,,,,,,,,,,
kz_kzro_slidesmear,6,9,"LENGTHY map (~1-2 hrs), a lot of surf climbs (pixels on top of some), some really hard surfs, skip first blue room (go under the fence)",,,,,,,,,,,,,,,,,,,
kz_kzro_smallcanyon,3,3,"Very short map with small skips, one medium jump that should be prekeeped with a good corner turn after, surfs at end for time save",,,,,,,,,,,,,,,,,,,
kz_kzro_speedcavescape,3,4,"Long routing map with a lot of skips (block, CJ and noduck), some headbanger sections, easy but annoying headbanger corner, LJ through tree (235 block)",,,,,,,,,,,,,,,,,,,
kz_kzro_sunmountainset,4,6,"Easy map with headbangers and routing, one medium/hard corner, tons of block skips, hard jumps and skips",,,,,,,,,,,,,,,,,,,
kz_kzro_syotiles,1,1,"Very short map with lots of skips, annoying climb sections towards end, CJ and noduck skips, route well for WR",,,,,,,,,,,,,,,,,,,
kz_kzro_tamlair,3,3,"All easy jumps, can stand on sand in one of the trigger sections, two 240s, pixelsurf on last jump",,,,,,,,,,,,,,,,,,,
kz_kzro_wallblocks,3,3,"Congested block map, very hard to route, most jumps are easy, some medium corners",,,,,,,,,,,,,,,,,,,
kz_kzro_whiterock,4,5,"Medium map, three surfs (one of them fall slowly), CJs and noduck parts, 240 block at end, surf up",,,,,,,,,,,,,,,,,,,
kz_kzro_yaruna,2,2,"Short map with very easy jumps, lots of noduck skips, one CJ towards end, annoying slopes",,,,,,,,,,,,,,,,,,,
kz_kzse_aztectemple ,4,5,"Bhop > JB high block at start (or perf from prev block), surf climb room, 256 JB block at end",,,,,,,,,,,,,,,,,,,
kz_lair,6,8,"Hard LJs, medium and hard JBs, difficult 180° corner, no bind LJ, low pre drops (hard LJ or 360° bhop/JB)",,,,,,,,,,,,,,,,,,,
kz_lavablock_global,4,7,"Nix Trick (LAH off the side of the ladder while standing on invisible pixel) on ladders (not all), LJ to the 3rd ladder (skip the 2nd), buttons at the end",,,,,,,,,,,,,,,,,,,
kz_layercake,2,2,"Easy map with little skips and lots of noducking, some easy/medium corners",,,,,,,,,,,,,,,,,,,
kz_lego,3,4,"All bhop block are walkable, ducked LAJ on ladder, green bhop triggers are faster, odd red corner that is easier than it looks",,,,,,,,,,,,,,,,,,,
kz_lego_two_redux_v3,4,6,"Bhops you can walk on for a while, pixel walk on top of ladder, 248 block near end",,,,,,,,,,,,,,,,,,,
kz_legoland,6,7,"Medium/hard drops/LJs, vesq tech side of ladder, 256 JB, 250 forced wallstrafe, easy bhop sections, hard drop LJ near the end (LJ, 360° JB, two JBs), end skip",,,,,,,,,,,,,,,,,,,
kz_leto_v2 ,2,3,"Small map with easy climb, climb the side of the ladder, some easy/medium LJs",,,,,,,,,,,,,,,,,,,
kz_littlerock_v2,2,4,"Old school standard mountain climb, interiors are extremely dark, sticky walls",,,,,,,,,,,,,,,,,,,
kz_lmn,1,2,"Short micro map, surf up skip, easy drop skip",,,,,,,,,,,,,,,,,,,
kz_loftroofs,6,7,"A lot of prekeeps LJs, medium drops, medium/hard corners, drop JB or LJ with good strafes from door, hard JB or LJ to high block, offset quad surf (possible to combo or use Ferrari surf)",,,,,,,,,,,,,,,,,,,
kz_lookout,2,4,"Standard climb map with some medium LJs and skips, ladders are standable ",,,,,,,,,,,,,,,,,,,
kz_lost_marketplace_gfix  ,5,6,"Pixel walk on ladder clip , LAJ from the side of ladders (lineup), fast climb > WS, pixel walk ladders",,,,,,,,,,,,,,,,,,,
kz_lovesick  ,5,5,"Medium ladderglides, 248 block, 248 wallstrafe block, 260 block, hard drop onto a ladder, very slow bhops, conveyor belts (run and jump late at the last conveyor)",,,,,,,,,,,,,,,,,,,
kz_lume,7,9,"LAJ > WS (needs a pixelsurf, 1st / 2nd way), BH off 1x2u pixel walk, very hard LAJ (use danvari), 270 or 360 JB, multiple high block JBs",,,,,,,,,,,,,,,,,,,
kz_luonto,2,3,"Skip at start from crates next to the middle barn, JB skip at end, block skips",,,,,,,,,,,,,,,,,,,
kz_lust,4,6,"Headbangers, hard surf drop (perf > surf is easiest), high LAJ",,,,,,,,,,,,,,,,,,,
kz_mac,3,4,"A lot of block skips, no hard jumps but the half cylinder has annoying clipping, prekeep or perf the 2nd spike",,,,,,,,,,,,,,,,,,,
kz_machinery,2,3,"Water bounces, pixelwalk on surf outside of the vent (speed cancel), medium micro, hard-ish ladder",,,,,,,,,,,,,,,,,,,
kz_magus,4,5,"Wallstrafe/pixelsurf on the left side of the 240 block, pixelwalk on the ladder, lowjump > pixelsurf on signs (ALL), two forced perf sections ",,,,,,,,,,,,,,,,,,,
kz_man_everest_go_fix,3,5,"Long map with a lot of block skips (some strafe heavy), some headbangers, a lot of sticky walls",,,,,,,,,,,,,,,,,,,
kz_matilda_np,2,3,"Easy map with some medium LJ skips, lots of block skips, CJ skips",,,,,,,,,,,,,,,,,,,
kz_maya,8,8,"JB around corner, crazy RNG bhop section with JBs/perfs right after, displacement, RNG JB > drop section, very RNG last bhop section. Pixel walks (GMC discord)  ",,,,,,,,,,,,,,,,,,,
kz_megabhop_v2,2,3,"Single block skips, bhop triggers are broken and don't work, ledgegrab on boxes, perf grind",,,,,,,,,,,,,,,,,,,
kz_memento,1,2,"Routing pace map with a lot of skips, some prekeeps are difficult to no stop",,,,,,,,,,,,,,,,,,,
kz_metalrun_global,3,5,"Tight corner in the first room, medium headbanger corner (lowjump makes this easier), walk into booster at full speed and hold jump for water then hold duck for landing",,,,,,,,,,,,,,,,,,,
kz_micropenis,1,3,"Short map with heavy micro, a couple of jumps throw off flow, a lot of stamina control needed for fast times",,,,,,,,,,,,,,,,,,,
kz_mike_v4,3,4,"Short map with many skips, routing needed, perf grind, wallstrafe at end",,,,,,,,,,,,,,,,,,,
kz_minimalism,2,3,"Short map with lots of noduck skips, medium corner turns, ledges stick out a bit",,,,,,,,,,,,,,,,,,,
kz_minimountain_f,2,3,"Routing map, no perf grind, ledgegrabbing/noducks, sticky walls, headbangers",,,,,,,,,,,,,,,,,,,
kz_module,7,8,"Touch 4 colours and go back in the middle, x2 240 blocks mid bhop, corners, ladder glide, JBs mid bhop",,,,,,,,,,,,,,,,,,,
kz_moonlight  ,7,8,"A lot of easy jumps, some JBs and prekeeps, VERY hard surf  (harder method: landing angle matters, possible without perf), one medium corner",,,,,,,,,,,,,,,,,,,
kz_moorerutan,4,5,"Prekeep most blocks, no perf grind, bhop plekz or JB long drop",,,,,,,,,,,,,,,,,,,
kz_moorish,2,2,"One medium corner, standable ladders and surfs, easy jumps, rope ladders at the end",,,,,,,,,,,,,,,,,,,
kz_morebricks_msq,3,4,"Routing needed, some annoying turn jumps, watch roof headbanger, noduck most",,,,,,,,,,,,,,,,,,,
kz_motivated,7,7,"Very hard 180° JB or 360° JB), fake 280 block (~266, land on the sign), bhop > drop JB, forced perf, perf at end or JB, JB on the bhop section, prekeep in brown room (245+ pre) full run ",,,,,,,,,,,,,,,,,,,
kz_msp_comatose,3,5,"Longer map with 240s, ladders, noduck a lot, a few CJ skips",,,,,,,,,,,,,,,,,,,
kz_mz,1,1,"Shortest map in game, can not jump, ""timer tech"" at end (pause timer and shake mouse while spamming +use) full run",,,,,,,,,,,,,,,,,,,
kz_nassau ,3,4,"Surf near the start, many medium drops, no duck most blocks",,,,,,,,,,,,,,,,,,,
kz_nature_remaster,2,3,"Medium length map with easy jumps, single block skips, noduck most",,,,,,,,,,,,,,,,,,,
kz_natureblock_scte,2,3,"OG map with tons of noducks and micro timesaves, short map",,,,,,,,,,,,,,,,,,,
kz_nb_final,3,5,"Surfs, ladders, backwards ladder climb, easy LJs, on last surf climb to top then ride the top and crouch at end",,,,,,,,,,,,,,,,,,,
kz_neon_portal,8,9,Exremely RNG sections,,,,,,,,,,,,,,,,,,,
kz_nightfall,7,8,"Hard bhop sections with JBs, one hard corner, 180° JB/perf to JB at the end // pixel walk on hardest bhop section (4106.00) ",,,,,,,,,,,,,,,,,,,
kz_nightmare_v2,5,7,"Medium jumps on large and small pipes, red = dead, headbanger section in parking garage, RNG perf bhop section at the end ",,,,,,,,,,,,,,,,,,,
kz_nuclear,3,4,"Three long surf ups (skip the first for a free WR), medium LJs, ice blocks, water strafing",,,,,,,,,,,,,,,,,,,
kz_obsidian,2,4,"Very long map with super easy jumps, most are CJs, the big drop is clipped (a skip is only possible on KZT)",,,,,,,,,,,,,,,,,,,
kz_oldstuff ,7,8,"Five 240 blocks (one is a forced JB because of a spike), very hard and frustrating surf (try to get the most height on both surfs)",,,,,,,,,,,,,,,,,,,
kz_olympus,3,5,"Weird glitchy map with odd skips, textures glitch, pixelwalks, boosters old route, current route",,,,,,,,,,,,,,,,,,,
kz_ominous2,4,5,"240 block, far LJ, 248 block that you can lowjump > pixelsurf like in kz_magus (only on the left side though)",,,,,,,,,,,,,,,,,,,
kz_opus,8,8,"Very hard headbanger JB off a surf pixelwalk, few LJ blocks that can be JB'd",,,,,,,,,,,,,,,,,,,
kz_otakuroom,3,6,"Very long climbing map, medium LJs/wallstrafe, bhop section at the end, pro run resets are very bad",,,,,,,,,,,,,,,,,,,
kz_overgrowth,4,5,"240 blocks, some difficult corner turns, a little strafe heavy jumps, noduck some, little skips",,,,,,,,,,,,,,,,,,,
kz_owtetad,2,3,"Short map with a lot of CJ skips and light micro, Skip the surf up",,,,,,,,,,,,,,,,,,,
kz_paintball_tv_fix,3,4,"Lots of skips, stand on top of ladder quick flick out to land, you can skip most of end",,,,,,,,,,,,,,,,,,,
kz_paradise,5,6,"Two JBs, double perf or JB bhop block, forced perf section, x2 HSW 240 blocks",,,,,,,,,,,,,,,,,,,
kz_peak_global,3,5,"Long map with easy jumps that's hard to route, headbanger room annoying for pro (hold duck and wallstrafe), hard unused skip (saves 10s)",,,,,,,,,,,,,,,,,,,
kz_perfunctory,4,6,"Long surf climbs (1st duck at -1572, 2nd duck at -1376 if you can't surf it), wheelchair skip, easy jumps, noduck, minor skips, ledgegrabbing, 227 block prekeep full run ",,,,,,,,,,,,,,,,,,,
kz_phamous,1,1,"Pace map with many noducks skips, some strafe heavy block skips",,,,,,,,,,,,,,,,,,,
kz_pharaoh_csgo,3,4,"Moving blocks, room layout map, easy jumps, lots of skips, CJ skips",,,,,,,,,,,,,,,,,,,
kz_pharos_fix,2,3,"Routing map, easy jumps, can stand on top of ladder (LAJ is faster), most jumps are possible noduck, outside walls are sticky full run ",,,,,,,,,,,,,,,,,,,
kz_phaztec,3,4,"Straight forward map, no bhop blocks, a little perf grindy, some strafe corner skips",,,,,,,,,,,,,,,,,,,
kz_pianoclimb_go,3,5,"Short map with some noduck skips, one medium drop corner near the end, easy to get lost",,,,,,,,,,,,,,,,,,,
kz_piranha,2,2,"Lots of skips, short map, CJ skips towards end",,,,,,,,,,,,,,,,,,,
kz_pixelrun_v2,4,6,"Small skip at the start by running off the edge, pixelsurf first 256 block, two 256 JBs, one JB in the red room full run ",,,,,,,,,,,,,,,,,,,
kz_plains,2,3,"250 block you can wallstrafe at start with lineup, LAJ to 180° to the block (alt ladder slower thats than launch), noduck some blocks for skips",,,,,,,,,,,,,,,,,,,
kz_pollution,5,6,"Bhop-heavy map, drop bhop section (224 block). Surf > drop bhop section can be done with a JB or wallbug to lose less stamina or from the pixel walk > CJ > JB on 2nd bhop block",,,,,,,,,,,,,,,,,,,
kz_portal_fix,5,6,"Hard surf, bhop perf into surf is easiest but LJ is possible too, JB cancel on ladders (skip for 2nd ladder, not possible on a pro run)",,,,,,,,,,,,,,,,,,,
kz_prima,2,3,"Surf up skip at start, easy LJ skip from flat platform to enterance with pillars, all easy jumps ",,,,,,,,,,,,,,,,,,,
kz_prismus,3,4,"Medium difficulty map with many skips, most skips go around corners, end spiral noduck all for best time",,,,,,,,,,,,,,,,,,,
kz_project,4,6,"Pixelwalk on ladder, easy jumps, wallstrafe 240/245 blocks, possible wallbugs on the right side of the 245 block full run ",,,,,,,,,,,,,,,,,,,
kz_prolific ,2,2,"A lot of small skips scattered through the map (CJ, block and surf), skip to chain fence near end",,,,,,,,,,,,,,,,,,,
kz_prototype,7,8,"One hard surf, JBs mid bhop (bhop blocks can be checkpointed on), surf to a pixelsurf grab and a lot of 360 JBs. Surf to pixelsurf lineup // full run ",,,,,,,,,,,,,,,,,,,
kz_psyk,5,7,"Hard LJs, forced left and right pre (mitigated with HSW), buggy walls, weird LAJ, small block skips at the last bhop section",,,,,,,,,,,,,,,,,,,
kz_psytime_go ,4,4,"Three 240 blocks, easy jumps otherwise, skip through headbanger, a lot of noducks outside",,,,,,,,,,,,,,,,,,,
kz_quadrablock,3,6,"Very long map with easy jumps, little skips, feels very repetitive",,,,,,,,,,,,,,,,,,,
kz_quick7_v2,3,5,"Pixelsurf at start, headbanger skip (70+ speed), tricky bhop section (triple perf route is ideal), trigger over part of 256 JB skip (start from back for pre)",,,,,,,,,,,,,,,,,,,
kz_quicksand,5,6,"One sideways LJ near the start that can be JB'd, one medium LJ which requires some good strafing, other LJ is sideways and is kinda hard (do not bind)",,,,,,,,,,,,,,,,,,,
kz_quickshot,2,3,"Short map with many skips, noduck a lot, heavily routed",,,,,,,,,,,,,,,,,,,
kz_quixotic,4,6,"HARD JB skip at start (saves 20s but hasn't been done in a run), dark map with an odd route, one jump is through a tree, medium difficulty jumps",,,,,,,,,,,,,,,,,,,
kz_railings,4,5,"Ducked LAJ, rest of map has some medium corners, pixel walk next to fences near the end",,,,,,,,,,,,,,,,,,,
kz_rainrun_kn_f,3,5,"Annoying route with many skips, headbangers, largest skip",,,,,,,,,,,,,,,,,,,
kz_rcn_impermanence,3,5,"Medium/Hard corner (left side is easier), 240 block prekeep, more prekeep blocks towards end, noduck most for skips",,,,,,,,,,,,,,,,,,,
kz_redemption_csgo,3,5,"Very long map with CJs, 30s skip in large room from crossbar (plekz or JB), a lot of block skips, headbangers all over, forced crouch perf into last room",,,,,,,,,,,,,,,,,,,
kz_redline,2,3,"Medium length map with a lot of CJ and block skips, annoying headbanger section, high block climb wall near end",,,,,,,,,,,,,,,,,,,
kz_remedy_v2,5,6,"A couple of annoying corners, long walk bhop blocks, tedious bhops to hole in floor, 260 JB near end",,,,,,,,,,,,,,,,,,,
kz_retreat,4,7,"VNL routes, medium corners, low pre HSW 240 block or JB, 252 block JB, JB drop on slanted block, hard LAJ around a block w/ a headbanger (can be danvari'ed from the side), surf drops",,,,,,,,,,,,,,,,,,,
kz_rise,4,6,"Unique trigger blocks that boost you upwards (small boost on yellow and big on red), almost no skips, most time is saved on the LJ/JB and drop LJ/JB/Bhop",,,,,,,,,,,,,,,,,,,
kz_rockclimb,3,4,"Medium length map with some difficult jumps, LJ drop, headbanger windows, forced CJ turns",,,,,,,,,,,,,,,,,,,
kz_rockjungle_v2,5,6,"Climb and bhop map, bhops are walkable, easy ladders, narrow bhop hallway, 255 block at the end",,,,,,,,,,,,,,,,,,,
kz_rocks_global,2,3,"A lot of block skips, no hard jumps, water section, crouched tunnel",,,,,,,,,,,,,,,,,,,
kz_roman,6,7,"Forced perf section, walks, very precise ladder pixel walk (mouse angle: 48.5 -50.0 + walk and spam CP) hard jumps",,,,,,,,,,,,,,,,,,,
kz_ronja,2,2,"Short climb map, easy jumps and ladders",,,,,,,,,,,,,,,,,,,
kz_rumzor  ,5,6,"Pixelwalk on almost all ladders (mouse angle: 38 + walk or crouch), 240 blocks, little skips, hard LAJ lineup (from top right corner of ladder) ",,,,,,,,,,,,,,,,,,,
kz_rush2suck,3,4,"Short-ish map with easy jumps but a lot of micro, one medium/hard corner block skips, noducks",,,,,,,,,,,,,,,,,,,
kz_sanctuary,2,3,"Long map with tons of skips, lots of noduck and CJ skips throughout the map, some ice textures",,,,,,,,,,,,,,,,,,,
kz_sandstone_mq,2,3,"Short map with many noducks and skips, invisible blocks below headbangers Pixel surf skip at the start for WR ",,,,,,,,,,,,,,,,,,,
kz_sandyhill_hoc,2,4,"Long map with many skips, some teleporters and hard strafey skips, lots of CJs, route before running",,,,,,,,,,,,,,,,,,,
kz_serenity,4,6,"Fake 250 block (245 block), pixelwalk on ladder, 240 & 238 block, square blocks are bhops, fake 260 block (255 block), 240 at the end, pixelsurf skip at end (low stamina to lowjump)",,,,,,,,,,,,,,,,,,,
kz_shaft_fix,2,2,"Easy map, skip 240 and 256 with route behind, headbanger at end ",,,,,,,,,,,,,,,,,,,
kz_shortcut_tx,3,4,"Walk bhops w/ very fast triggers (Lewly tech), start and end of the surf are standable",,,,,,,,,,,,,,,,,,,
kz_signs_v2,3,4,"Medium length map with lots of pixelsurfs and skips, some CJs, noducks ",,,,,,,,,,,,,,,,,,,
kz_silk,4,4,Micro map with 2 boosters that require decent strafing,,,,,,,,,,,,,,,,,,,
kz_simplicity_v2,2,3,"Easy jumps with a lot of CJs and noducks, small skips, lots of ledgegrabs",,,,,,,,,,,,,,,,,,,
kz_skytower,6,7,"Lengthy map (~20mins), hard wallstrafe or hard wallstrafe w/ JB (get 0.0 edge with edge tech), 250 block, bhops are walkable ",,,,,,,,,,,,,,,,,,,
kz_slide_bozo ,5,8,"Surf ups > BHs, hard surfs in general, one very hard surf off the side of the ladder , double surfs near the end. hardest surf CHEESED ",,,,,,,,,,,,,,,,,,,
kz_sloth,2,2,"Micro map, ledgegrabs, one medium drop, a lot of block skips",,,,,,,,,,,,,,,,,,,
kz_slumpfrageous,5,7,"Surf up at start, make sure you prioritze height over speed on first surf, lots of CJs and noduck skips, wallstrafe into a little flick for last surf, end surfs stay high, surfs ",,,,,,,,,,,,,,,,,,,
kz_smallmap,6,8,"Hard bhop map, LAJ to surf > double perf > cperf, low pre LJ (can be wallstrafed), medium drop, 247 block at the end",,,,,,,,,,,,,,,,,,,
kz_smb ,2,3,Short micro map with mostly very easy jumps. One drop that requires minimal strafing,,,,,,,,,,,,,,,,,,,
kz_snowman_v2,3,4,"Crouched LAJs - make sure to go to the top and crouch to get more height, lots of skips and a CJ room, noducks",,,,,,,,,,,,,,,,,,,
kz_something ,2,2,Short micro map with very easy jumps. One hard LJ drop skip near the end (drop LJ),,,,,,,,,,,,,,,,,,,
kz_sonder,3,3,"Easy map, LAJ to a small block (high), some medium LJs, an easy surf, lots of ledgegrabs, 240 block, little skips, full run",,,,,,,,,,,,,,,,,,,
kz_souljaboy,3,4,"Medium surfs (keep height), surf ups, easy LAJs, one medium LAJ at the end, two JB skips to skip surf up",,,,,,,,,,,,,,,,,,,
kz_sp1_aoirobhop,6,6,"Hard bhop walks/forced perfs, 248 block, one hard corner (LJ or JB)",,,,,,,,,,,,,,,,,,,
kz_sp1_blueconcrete,7,9,"~245 block, very hard surf, very hard corner, pixel walk on most surfs, 256 block. Turn fast and into the block for the corner. Get a good entry and keep your height for the surf",,,,,,,,,,,,,,,,,,,
kz_sp1_castaway,5,7,"Headbangers and routing, 256 block JB, ladder at end, prekeep LJ, CJ slide up ",,,,,,,,,,,,,,,,,,,
kz_sp1_greenconcrete,5,8,"A lot of HSW LJs (one hard-ish near the start), some medium JBs, medium corners",,,,,,,,,,,,,,,,,,,
kz_sp1_greyconcrete,5,7,"One hard corner, surf ups, medium corners",,,,,,,,,,,,,,,,,,,
kz_sp1_greyhollowrock,3,3,"240 block towards the start, the rest are easy jumps, one medium LJ, easy surf ups, can stand on surf ramp",,,,,,,,,,,,,,,,,,,
kz_sp1_kansopyon,4,4,"Narrow bhop hallway, three hard surf ups (can pixel climb), no forced perfs in bhop sections surf up with JB + skip ",,,,,,,,,,,,,,,,,,,
kz_sp1_kyuubisroom,2,2,"Very short map with easy jumps, CJ and noduck skips, one headbanger towards end that can be CJ'd out of to save time",,,,,,,,,,,,,,,,,,,
kz_sp1_parallelblocks,4,5,"Confusing routing, can stand on surfs, prekeep to surf, standable pixel on 2nd wooden beam from surf, medium corner, low pre 232 block, boxtech",,,,,,,,,,,,,,,,,,,
kz_sp1_perf2win,6,8,"JB around corner, climb up surfs, crouch perf to go under headbangers, one medium hard LJ, confusing route, medium LJ > surf",,,,,,,,,,,,,,,,,,,
kz_sp1_redbrickbhop,3,3,"Easily walkable bhop blocks with some medium walks, long bhop sections",,,,,,,,,,,,,,,,,,,
kz_sp1_redconcrete,6,7,"Low pre 240 block (wallstrafe or JB from previous block), hard corners, medium/hard left pre drop last hard corner  ",,,,,,,,,,,,,,,,,,,
kz_sp1_rengapyon  ,6,8,"Very hard bhop map with perfs and JBs mid bhop, standable ladders and surfs, pixelsurf skip all 256 blocks (right or left side) and some bhops",,,,,,,,,,,,,,,,,,,
kz_sp1_rockcanyonblocks,4,4,"Mostly easy jumps, annoying routing, 256 JB block, boxtech",,,,,,,,,,,,,,,,,,,
kz_sp1_saishuu ,7,9,"Very long map (~3-5 hrs), very hard and precise corners, JBs, 240 block super low pre (360 JB) full run twitch VOD ",,,,,,,,,,,,,,,,,,,
kz_sp1_shouryokou ,4,6,"Breakable wood, low pre LJs, corners, all climb, surf ups",,,,,,,,,,,,,,,,,,,
kz_sp1_siedlungclimb,4,5,"Long map with easy LJs and ledgegrabs, easy surfs and a small surf up at end",,,,,,,,,,,,,,,,,,,
kz_sp1_spreadblocks,6,6,"Main course is in the middle (timer in the water), all climb, one very hard corner ",,,,,,,,,,,,,,,,,,,
kz_sp1_uchuunookuheki ,4,4,"Lots of walking, surfs, 1 hard corners, headbangers and confusing route (go hard left when you drop)",,,,,,,,,,,,,,,,,,,
kz_sp1_whiteblocks,4,6,"Confusing route, medium corners, hard surf (balance speed and height), plekz or LJ to the broken bar, 256 block JB, easy LAJs, long surf up at end to timer",,,,,,,,,,,,,,,,,,,
kz_sp1_xmas2021,5,7,"Ice prekeeps everywhere, speed cancel on small surfs to stand, hard surf, hard ice prekeep, climb surf or skip, medium drop, fake 250 (248), max height upwards LAJ",,,,,,,,,,,,,,,,,,,
kz_spacus,4,5,"Medium headbanger LJ near the start, High LJ (144 unit 64 height), headbangers, pixel climbs on surf ups",,,,,,,,,,,,,,,,,,,
kz_spire,4,5,"LJ based maps with easy jumps, some medium headbanger jumps that require early crouching",,,,,,,,,,,,,,,,,,,
kz_spiritblockv2,2,3,"Short map with many CJ skips and noducks, forced perf on window (can skip by crouching through), check for route",,,,,,,,,,,,,,,,,,,
kz_splopkopsc_loverick,3,3,"Headbanger at start, bhop section after LAJ (can use Lewly tech but it's far slower), two routes after wall climb (surf is fastest but hard), full run",,,,,,,,,,,,,,,,,,,
kz_sqrdsucks,4,5,"Pace based map with light micro and a lot of possible noducks, some CJs, one medium/hard corner",,,,,,,,,,,,,,,,,,,
kz_stepblock,4,6,"LJ based map with multiple routes to choose from, ladder skip at end, first section is the hardest on pro",,,,,,,,,,,,,,,,,,,
kz_stepup,3,5,"Ladder skip, get on side of ladder then jump off from high up, pixelsurf on left side of one room, easy booster at end, ice textures (360° prekeep)",,,,,,,,,,,,,,,,,,,
kz_streetblock,3,3,"Medium length map (~5mins), wallstrafe to skip tunnel part, big drop skip after ladder to the platform at the bottom (good strafes required w/o JB)",,,,,,,,,,,,,,,,,,,
kz_structures,5,8,"Forced perf to 2nd big bhop block, JB drop (perf or lowjump > JB), two forced perf sections (walkable but very fast triggers)",,,,,,,,,,,,,,,,,,,
kz_strun_mq,7,8,"Very hard bhop section with forced perfs/JB, JB/LJ into surf up and then onto a pixel, bhop walks, medium bhops at the end",,,,,,,,,,,,,,,,,,,
kz_stuff_final,3,4,"Short map with backwards ladder (can pixelwalk), annoying headbanger, 245 block",,,,,,,,,,,,,,,,,,,
kz_sukblock_v2_fixed,2,3,"Medium length map with many CJ skips, noduck some blocks as well",,,,,,,,,,,,,,,,,,,
kz_summercliff2_go,2,3,"Medium length map with CJ skips and noducks, surf skip as well, fast ladder at end, some strafe heavy skips",,,,,,,,,,,,,,,,,,,
kz_sunstone,6,6,"Mostly easy jumps, easy/medium drops, forced JB on drop (CJ > JB), each bhop section has a forced perf/JB (trigger is high for last bhop section's landing), 240 block at the end",,,,,,,,,,,,,,,,,,,
kz_symbiosis_final,6,7,"All-bhop map with a very difficult last room, walks are very short (get high velocity for prekeep)",,,,,,,,,,,,,,,,,,,
kz_symmetry,3,4,"Easy map, crouch surfs, fast turns, 240 blocks, you can skip most of the hard corners near the start",,,,,,,,,,,,,,,,,,,
kz_synergy_ez,6,7,"Drop 256 (use double JB, stamina loss tech or 180° JB from rehop), 248 block, multiple lengthy bhop sections, one LJ skip towards the end",,,,,,,,,,,,,,,,,,,
kz_sz_goldenbean,4,6,"Basically kz_giantbean but harder, prekeep on to a block to get up to the next one or pixelclimb > LJ, one 256 JB",,,,,,,,,,,,,,,,,,,
kz_terablock,2,2,"Block map with tons of CJ skips and noduck parts, hard to route properly, headbangers at end",,,,,,,,,,,,,,,,,,,
kz_thinkblock,5,6,"One medium LJ around a corner, another low pre LJ around a corner ",,,,,,,,,,,,,,,,,,,
kz_timescape_zero,8,9,"360° JB or LJ, hard LAJ or ladder glide, hard drop LJ (or 360° JB), CPs on booster blocks, 360°/180° JB around corner (LJ > JB is better), hard corner",,,,,,,,,,,,,,,,,,,
kz_tmnf_e05  ,5,7,"Map can be cheesed with teleports/checkpoints (see video). Very long map on PRO (~1.5-2 hrs). If you fall on PRO it takes a LONG time to recover, if you bump into no speed gain section your run is dead. Bump into the sides of the track to turn/skip with high velocity",,,,,,,,,,,,,,,,,,,
kz_tomb_fix,1,1,"Very short map with little skips, pixelwalk on surf (speed cancel), full run ",,,,,,,,,,,,,,,,,,,
kz_toonadventure_go,3,6,"Long map with some skips, some CJs, some annoying low pre jumps",,,,,,,,,,,,,,,,,,,
kz_toonrun_final,6,7,"Hard drop 256 JB (double JB, 180° JB), pixelwalk the surf to skip a JB, go down into water, one JB on the big surf has a turn (256), weird head bangers at the end",,,,,,,,,,,,,,,,,,,
kz_toughluck_fix,1,2,"Short map with many skips, keep moving forwards to save time, one large skip on last part, noducks",,,,,,,,,,,,,,,,,,,
kz_tour_de_nuke_rt,3,4,"Very short map with jumps from the original CS:GO de_nuke, full run ",,,,,,,,,,,,,,,,,,,
kz_tq,7,8,"Very hard bhop map, lewly tech works (use CPs), VERY hard surf that can be done multiple ways but JB'ing into it seems easier ",,,,,,,,,,,,,,,,,,,
kz_tradeblock_go,2,4,"Stage climb map (goes up), tons of CJ skips and noducks, spikes",,,,,,,,,,,,,,,,,,,
kz_tranquillity ,4,5,"Short climb map, 1 medium hard drop LJ that can be pre kept, medium LJ near the end, surf up at the end",,,,,,,,,,,,,,,,,,,
kz_tron_global,4,5,"Medium length map with invisible block jumps, go on top of red part to skip headbanger, water sections, 180° drops, noducks and small skips",,,,,,,,,,,,,,,,,,,
kz_twiivo,2,4,"Short map that is full of micro, lots of ledgegrabing and little skips, some noducks",,,,,,,,,,,,,,,,,,,
kz_unity_collab,5,6,"Some medium strafe jumps, 240 and 242 block, you get lost easily, walk the bhop blocks, 180° JB towards end",,,,,,,,,,,,,,,,,,,
kz_unknownspace,5,6,"Prekeep, 240 block low pre HSW, hard corner",,,,,,,,,,,,,,,,,,,
kz_vci_apprentice,5,6,"A few easy JBs, most bhops are medium length walks and easy to CP on, hard bhop section (very hard to CP in this section and walks are very short)",,,,,,,,,,,,,,,,,,,
kz_victoria,3,3,Short map with many CJs and drops. Some drop skips are really strafe heavy. One medium LJ at the end,,,,,,,,,,,,,,,,,,,
kz_village,3,5,"Pixelwalk on the surf (easier to get the pixel walk near the end of the ramp), LAJ from last ladder to top of last surf",,,,,,,,,,,,,,,,,,,
kz_violet_fix,3,5,"Two 245 blocks, easy jumps otherwise",,,,,,,,,,,,,,,,,,,
kz_vittu_mika_persse ,6,9,"240 blocks that can be prekeep'd, hard LJ to elevated platform, hard corner, fast climb LAJ > wallstrafe, hard 243 low pre block, 180° JBs ",,,,,,,,,,,,,,,,,,,
kz_vnl_crimdaddy ,6,7,"A lot of forced ladder glides, bhop walks, hard low pre LJ (easier with 360 JB), forced 270 JB, climbing",,,,,,,,,,,,,,,,,,,
kz_vnl_crimdaughter  ,6,7,"Hard corners (pre keep corners), pre keeps, drop LJs and low pre LJs, many alt routes and some skips full run ",,,,,,,,,,,,,,,,,,,
kz_vnl_crimson  ,7,8,"AVG length ~20 mins to many hours. Heavy on ladder glides, corners, bhops and JBs all ladders ",,,,,,,,,,,,,,,,,,,
kz_vnl_crimstmas,5,6,"Bhop walks at the start, medium drop LJs, ice section (pre keep from the very beginning to get more pre), light headbanger",,,,,,,,,,,,,,,,,,,
kz_void,4,5,"Pixelwalk on ladder (mouse angle: 48.5 41.7 w/ +walk), alt tech for pixel walk ladder, 240 block, small block skips, headbanger jumps, easy LJs, triggers are based on the room you're in",,,,,,,,,,,,,,,,,,,
kz_warehouse,3,4,"CJs at start, huge skip (crouch at top of jump), pixelwalk on corner, easy ladders, annoying turns to small ledges on pillar (walk pre), 235 block at end",,,,,,,,,,,,,,,,,,,
kz_wasabi,5,6,"Medium length map with easy jumps and noduck + CJ skips, four annoying difficulty LJs, one drop that can be JB'd or bhopped, 66 height jump at end",,,,,,,,,,,,,,,,,,,
kz_waterhole,5,7,"Hard ladder (LAJ > wallstrafe, also can be LAJ'd but insanely hard), medium bhop section, JB drop, skip one JB near the end by going left",,,,,,,,,,,,,,,,,,,
kz_weebfactory_censored,4,4,"Short map with bad lighting, light micro, block skips, annoying time save, 248 block (LJ or JB)",,,,,,,,,,,,,,,,,,,
kz_weightless,3,3,"Surf up at start, fast climb ladder (use a Ladder Boost), low grav boosters, drop LJ > surf for a time save, can use the last surf to gain a lot of speed",,,,,,,,,,,,,,,,,,,
kz_whatever_v2,7,7,"Long map with themed sections, 272 block, 2 hard LJ/JB/bhop drops hard jumps",,,,,,,,,,,,,,,,,,,
kz_whereyoufrom,8,9,"Hard surf off a ladder pixelwalk, surf up LJ off ladder pixel walk, hard LAJ (danvari on the side > LAJ, get ~133 pre), pixelwalk is on every ladder except the hard LAJ",,,,,,,,,,,,,,,,,,,
kz_winterize  ,8,9,"JB around corner, insanely RNG bhops, x2 256 blocks in a row mid bhops, corners, hard drop LJs",,,,,,,,,,,,,,,,,,,
kz_woodstock_v2,3,4,"Easy short map, most time saves are noducks, very few block skips, route heavy",,,,,,,,,,,,,,,,,,,
kz_woodstonegrass_final,2,3,"Easy map with many noducks and small skips, stand on top of ladder and CJ up, 180° surf ups, 240 block at the end",,,,,,,,,,,,,,,,,,,
kz_woodworld,3,6,"Ledgegrabs, crouch jumps and corners, boosted water strafing section (walls are TP triggers) full run",,,,,,,,,,,,,,,,,,,
kz_xand,1,1,"Long map with many skips and noducks, lots of CJs, all easy jumps",,,,,,,,,,,,,,,,,,,
kz_xmas2008,1,2,Very short map with a lot of micro optimization,,,,,,,,,,,,,,,,,,,
kz_xmas2009,4,5,"Short map with fast bhop triggers, small skips on LJ sections, perf grind or walk",,,,,,,,,,,,,,,,,,,
kz_xmas2020,4,5,"Gift boxes are bhops, forced perfs, hard walks and climbing",,,,,,,,,,,,,,,,,,,
kz_xmas2022  ,3,3,"You just run most of the map, one strafey drop near the start, candy cane skip (pre keep) or candy cane jumps (easier route)",,,,,,,,,,,,,,,,,,,
kz_xtremeblock_v2,4,5,"Medium length map (~10mins) with easy LJs, lots of skips and routes, hard/medium corners",,,,,,,,,,,,,,,,,,,
kz_yes,5,6,"Bhop-heavy map which you can CP on, 256 and 260 JBs, medium/hard drop LJs, 256 block skip to stairs, LJ blocks at end are cheeseable from pillar steps",,,,,,,,,,,,,,,,,,,
kz_za_tileblock ,5,6,"Hard headbanger left pre jump, you can JB from block before some techs ",,,,,,,,,,,,,,,,,,,
kz_ziggurath_final,8,9,"LAJ to a pixelsurf grab, bhops and a lot of JB blocks, JB off booster with a headbanger (useful pixelwalk in the bottom left corner of the block right next to the first booster), hard drop LAJ ",,,,,,,,,,,,,,,,,,,
kz_zxp_final4,8,9,"Very RNG bhop section, bhop section (walk > good jb), booster trick on second booster ladder. User danvari tech on hard LAJ > bhop section",,,,,,,,,,,,,,,,,,,
kzpro_justrun_sp,N/A,5,"You cannot TP or stop on blocks, JB/perf the drop or hard LJ, medium LJ towards end, crouch headbanger part",,,,,,,,,,,,,,,,,,,
vnl_cat,4,5,"Mode check at start, medium corners, medium LJs and surfs, wallstrafe headbanger drop, big CJ skip full run ",,,,,,,,,,,,,,,,,,,
vnl_caverun ,4,4,"Stamina map, jump a lot to decrease stamina for first section, start spamming jump and ledge grab at the end, grabbing ladder at the end on contact might get you stuck sometimes (late grab to fix)",,,,,,,,,,,,,,,,,,,
vnl_farewell_fix,6,7,"Lots of bhop walks, big drop LJ, multiple LAGs, 246 forced LJ, LAG mid bhop ",,,,,,,,,,,,,,,,,,,
vnl_invasion ,4,6,"big trigger skip // Single jump bhops, easy box tech, get on the side of ladder after the surf, skip, top of ladder vesq tech (hold fast climb and do single scroll ticks), 240 pre drop at the end",,,,,,,,,,,,,,,,,,,
vnl_lea ,3,3,Medium length micro map with lots of ledge grabs and a lot of ladder gameplay (ladders are non-standable),,,,,,,,,,,,,,,,,,,
vnl_ll_nuke ,3,3,"Very short map, 1 medium corner towards the end",,,,,,,,,,,,,,,,,,,
vnl_oy_lj,7,7,"JB cancels are still possible, 230-250 blocks (anti-bhops on the higher blocks), hard LJ drop, prekeep, surf up, map showcase",,,,,,,,,,,,,,,,,,,
vnl_sewers  ,8,9,"Currently the hardest skill based VNL map. This map will test any player's endurance and skill - crazy LJs, bhops, corners, and ladders (previously known as vnl_sewage)",,,,,,,,,,,,,,,,,,,
vnl_simplebrickrooms,6,8,"Strafe heavy jumps, medium/hard corners, hard surf up, vesq tech + crouch on ladder, very hard low pre 232 block, side LAJ, 244 block (wallstrafe), box tech, surfs, CJ slideup ",,,,,,,,,,,,,,,,,,,
vnl_slidegarden,3,4,"All kinds of surfs, surf combos and surf ups, get max height for last surf, fast climb surfs in the corners where two ramps meet",,,,,,,,,,,,,,,,,,,
vnl_undefined,3,5,"Long walks on bhops, medium LJs, a couple of CJ skips, hard drop LAJ around a corner, LAJ off the side of the third ladder, 240 block at the end",,,,,,,,,,,,,,,,,,,
vnl_whiterun,1,1,Short easy map with ledgegrabs and a lot of block skips,,,,,,,,,,,,,,,,,,,
xc_alt_nephilim ,6,6,"268 block off bottom of surf, easy jumps otherwise, some blocks look like bhops but they are not, pixel walk on ladders",,,,,,,,,,,,,,,,,,,
xc_cliffjump_fix,2,3,"Easy LJ map with some ladders, route the drop at end (you can land on the timer)",,,,,,,,,,,,,,,,,,,
xc_dreamland2,4,6,"Medium length map with easy jumps, annoying jumps, 180° drop, CJ corner at end, little skips",,,,,,,,,,,,,,,,,,,
xc_dtt_nasty_go,1,2,"Cave map with some very light micro and small CJ skips, two very small LJ blocks at the end full run",,,,,,,,,,,,,,,,,,,
xc_fox_shrine_japan_fr,4,6,"256 JB block, 245 block, headbangers, annoying CJs full run ",,,,,,,,,,,,,,,,,,,
xc_karo4,2,4,"Easy map with little skips, lots of CJs so stamina goes bad, boosters, drops",,,,,,,,,,,,,,,,,,,
xc_minecraft2_global,3,5,"Lots of big skips with using water, nobind some jumps to not hit head, CJs, medium LJs",,,,,,,,,,,,,,,,,,,
xc_minecraft3_global,5,8,"Very annoying buttons, one big skip on nether level (CJ to ladder)",,,,,,,,,,,,,,,,,,,
xc_minecraft4,6,8,"Two hard corners (one at the start, one in the middle), you can LJ most, easy ladders, CJ to ladder skip, ice blocks, buttons (easier than xc_minecraft3_global)",,,,,,,,,,,,,,,,,,,
xc_powerblock_rc1,3,4,"Old VNL map with small skips, huge bridge skip at top of ladder with a JB, pixelwalk on surf to save time, route the end, 240 block at end",,,,,,,,,,,,,,,,,,,
xc_secret_valley_global_fix,3,5,"Dark map with water, some spikes, annoying ladders, water jump, CJs, micro and noducks in the end room",,,,,,,,,,,,,,,,,,,
xc_skycastle,2,3,"Short map with lots of skips, some CJs and strafe heavy skips, route the inside of the castle to save most time, noducks",,,,,,,,,,,,,,,,,,,
xc_supermario_go_gfix,2,4,"Very long and easy map with little skips, large pixelsurf in big room, lots of CJs, green vines are ladders",,,,,,,,,,,,,,,,,,,
xc_umbrella_global,4,6,"Medium corners, weird route, lights in last room are ice blocks, watch !replay if you don't know where to go",,,,,,,,,,,,,,,,,,,
,,,,,,,,,,,,,,,,,,,,,,
,,,,,,,,,,,,,,,,,,,,,,
,,,,,,,,,,,,,,,,,,,,,,
,,,,,,,,,,,,,,,,,,,,,,
,,,,,,,,,,,,,,,,,,,,,,
,,,,,,,,,,,,,,,,,,,,,,
,,,,,,,,,,,,,,,,,,,,,,
,,,,,,,,,,,,,,,,,,,,,,
,,,,,,,,,,,,,,,,,,,,,,
,,,,,,,,,,,,,,,,,,,,,,
,,,,,,,,,,,,,,,,,,,,,,
,,,,,,,,,,,,,,,,,,,,,,
,,,,,,,,,,,,,,,,,,,,,,
,,,,,,,,,,,,,,,,,,,,,,
,,,,,,,,,,,,,,,,,,,,,,
,,,,,,,,,,,,,,,,,,,,,,
,,,,,,,,,,,,,,,,,,,,,,
,,,,,,,,,,,,,,,,,,,,,,
,,,,,,,,,,,,,,,,,,,,,,
,,,,,,,,,,,,,,,,,,,,,,
,,,,,,,,,,,,,,,,,,,,,,
,,,,,,,,,,,,,,,,,,,,,,
,,,,,,,,,,,,,,,,,,,,,,
,,,,,,,,,,,,,,,,,,,,,,
,,,,,,,,,,,,,,,,,,,,,,
,,,,,,,,,,,,,,,,,,,,,,
,,,,,,,,,,,,,,,,,,,,,,
,,,,,,,,,,,,,,,,,,,,,,
,,,,,,,,,,,,,,,,,,,,,,
,,,,,,,,,,,,,,,,,,,,,,
,,,,,,,,,,,,,,,,,,,,,,
,,,,,,,,,,,,,,,,,,,,,,
,,,,,,,,,,,,,,,,,,,,,,
,,,,,,,,,,,,,,,,,,,,,,
,,,,,,,,,,,,,,,,,,,,,,
,,,,,,,,,,,,,,,,,,,,,,
,,,,,,,,,,,,,,,,,,,,,,
,,,,,,,,,,,,,,,,,,,,,,
,,,,,,,,,,,,,,,,,,,,,,
,,,,,,,,,,,,,,,,,,,,,,
,,,,,,,,,,,,,,,,,,,,,,
,,,,,,,,,,,,,,,,,,,,,,
,,,,,,,,,,,,,,,,,,,,,,
,,,,,,,,,,,,,,,,,,,,,,
,,,,,,,,,,,,,,,,,,,,,,
,,,,,,,,,,,,,,,,,,,,,,
,,,,,,,,,,,,,,,,,,,,,,
,,,,,,,,,,,,,,,,,,,,,,
,,,,,,,,,,,,,,,,,,,,,,
,,,,,,,,,,,,,,,,,,,,,,
,,,,,,,,,,,,,,,,,,,,,,
,,,,,,,,,,,,,,,,,,,,,,
,,,,,,,,,,,,,,,,,,,,,,
,,,,,,,,,,,,,,,,,,,,,,
,,,,,,,,,,,,,,,,,,,,,,
,,,,,,,,,,,,,,,,,,,,,,
,,,,,,,,,,,,,,,,,,,,,,
,,,,,,,,,,,,,,,,,,,,,,
,,,,,,,,,,,,,,,,,,,,,,
,,,,,,,,,,,,,,,,,,,,,,
,,,,,,,,,,,,,,,,,,,,,,
,,,,,,,,,,,,,,,,,,,,,,
,,,,,,,,,,,,,,,,,,,,,,
,,,,,,,,,,,,,,,,,,,,,,
,,,,,,,,,,,,,,,,,,,,,,
,,,,,,,,,,,,,,,,,,,,,,
,,,,,,,,,,,,,,,,,,,,,,
,,,,,,,,,,,,,,,,,,,,,,
,,,,,,,,,,,,,,,,,,,,,,
,,,,,,,,,,,,,,,,,,,,,,
,,,,,,,,,,,,,,,,,,,,,,
,,,,", ",,,,,,,,,,,,,,,,,,